unit,category,label,score,color-label,color-truth,color-activation,color-intersect,color-iou,object-label,object-truth,object-activation,object-intersect,object-iou,part-label,part-truth,part-activation,part-intersect,part-iou,material-label,material-truth,material-activation,material-intersect,material-iou,scene-label,scene-truth,scene-activation,scene-intersect,scene-iou,texture-label,texture-truth,texture-activation,texture-intersect,texture-iou
115,texture,dotted,0.28395284425745088,pink-c,18799488.0,3289856.0,183467.0,0.0083752410369144319,toilet,315709.0,626766.0,18847.0,0.020405401308752007,lid,92113.0,310711.0,8861.0,0.022491959904864155,ceramic,691094.0,453475.0,33982.0,0.030598233186594118,ball_pit-s,280918.0,255218.0,15719.0,0.030204624368535226,dotted,2987946.0,1752544.0,1048384.0,0.28395284425745088
16,texture,dotted,0.19798501721027409,red-c,21346526.0,3739199.0,233470.0,0.0093943185437297336,ball,124778.0,316285.0,18159.0,0.042938822995289699,muzzle,678509.0,229911.0,44127.0,0.051055602671779124,food,1124121.0,143997.0,16582.0,0.013249319236522162,ball_pit-s,280918.0,61286.0,18409.0,0.056853873592859656,dotted,2987946.0,3220107.0,1025974.0,0.19798501721027409
256,texture,striped,0.17814547884460064,white-c,73689572.0,3411419.0,528244.0,0.0068985901733419593,skyscraper,1293433.0,969502.0,46713.0,0.021077762065352657,muzzle,678509.0,311023.0,37698.0,0.039605645522223405,fabric,8692975.0,314315.0,34760.0,0.0038740466735692164,skyscraper-s,4481919.0,511140.0,66091.0,0.013414132180278013,striped,2477186.0,1713686.0,633695.0,0.17814547884460064
131,object,cat,0.16783172560618559,black-c,142117568.0,3359634.0,782097.0,0.0054051379277826987,cat,4228548.0,2955175.0,1032389.0,0.16783172560618559,head,5034747.0,2835913.0,761948.0,0.10718509907279969,fur,105151.0,515351.0,11193.0,0.0183699896111825,lake-artificial-s,127690.0,80294.0,1949.0,0.0094595578421141999,striped,2477186.0,139250.0,44309.0,0.017226598842125601
112,part,screen,0.1650180298790388,blue-c,62464739.0,2725314.0,432143.0,0.0066732079525111294,tvmonitor,1035941.0,1341678.0,273026.0,0.12972864587119695,screen,689450.0,706901.0,197785.0,0.1650180298790388,glass,2287279.0,765012.0,74505.0,0.025020266735084389,home_theater-s,319225.0,593691.0,35304.0,0.040227344202221481,chequered,1557818.0,133796.0,11937.0,0.0071067234950529176
188,texture,spiralled,0.16300168641844864,orange-c,30864899.0,3290383.0,171720.0,0.0050530312272739387,hot tub,131832.0,763335.0,18044.0,0.020571801218301194,pot,428835.0,258113.0,22825.0,0.034368633521200134,ceramic,691094.0,810580.0,41148.0,0.028173411496953838,labyrinth-outdoor-s,127690.0,319081.0,15467.0,0.035861016823400656,spiralled,1634432.0,886159.0,353276.0,0.16300168641844864
133,texture,perforated,0.15587658729663251,white-c,73689572.0,3428921.0,439151.0,0.0057271096562096216,skyscraper,1293433.0,911982.0,89022.0,0.042063076186700674,roof,451342.0,227469.0,8765.0,0.013081191440587659,tile,4032446.0,247579.0,27312.0,0.0064222532769081762,skyscraper-s,4481919.0,535560.0,165401.0,0.034088693545322228,perforated,1825967.0,2062099.0,524328.0,0.15587658729663251
36,texture,cobwebbed,0.15510071365584993,black-c,142117568.0,2864620.0,844957.0,0.0058621703368229687,bicycle,1169902.0,1491834.0,129234.0,0.051030167004803943,wheel,1540612.0,506908.0,99847.0,0.051264765697321878,metal,3523669.0,348075.0,18740.0,0.0048637374889826225,atrium-public-s,242611.0,533285.0,13761.0,0.018055856245940676,cobwebbed,1532280.0,663146.0,294790.0,0.15510071365584993
249,part,wheel,0.14720339461240703,yellow-c,34739742.0,3314706.0,225499.0,0.0059610167863770151,bicycle,1169902.0,1376362.0,220611.0,0.094859809266472681,wheel,1540612.0,1000759.0,326096.0,0.14720339461240703,food,1124121.0,439584.0,21945.0,0.014233732876712328,labyrinth-indoor-s,140459.0,257172.0,10333.0,0.026679714328501559,paisley,1583356.0,1257623.0,325288.0,0.1293036386424247
116,object,cat,0.13811256889037815,brown-c,185306464.0,3166294.0,850926.0,0.0045353250787999984,cat,4228548.0,2727464.0,844128.0,0.13811256889037815,head,5034747.0,2473101.0,554145.0,0.079690633896788515,fur,105151.0,473922.0,7461.0,0.013052560128198845,corral-s,178766.0,169440.0,3986.0,0.011579803613967807,matted,1621663.0,153596.0,26010.0,0.014869238170209045
42,part,wheel,0.13403528356963473,yellow-c,34739742.0,3093002.0,175418.0,0.0046582702128133051,bicycle,1169902.0,1722384.0,189191.0,0.06999051087734616,wheel,1540612.0,1307817.0,336665.0,0.13403528356963473,ceramic,691094.0,623969.0,20998.0,0.016226387391668887,manhole-s,127690.0,246429.0,8412.0,0.023002020743381989,spiralled,1634432.0,286586.0,78565.0,0.042641521927560704
230,texture,striped,0.1340158947479281,white-c,73689572.0,3007162.0,481269.0,0.006314584579389498,cat,4228548.0,1210984.0,190965.0,0.036384216872910262,head,5034747.0,762104.0,137388.0,0.024275801432043994,food,1124121.0,537846.0,29769.0,0.018238596052684783,pagoda-s,140459.0,278015.0,4927.0,0.011914002519665234,striped,2477186.0,1022302.0,413563.0,0.1340158947479281
110,object,dog,0.13040846283864871,white-c,73689572.0,3217586.0,437613.0,0.0057227096094268643,dog,3854036.0,2857216.0,774237.0,0.13040846283864871,torso,7789829.0,2692350.0,596926.0,0.060385505560656867,fur,105151.0,445603.0,9288.0,0.017153431609740959,waterfall-cascade-s,140459.0,94017.0,2965.0,0.012807166830085823,striped,2477186.0,105347.0,13784.0,0.005366036152228186
177,object,dog,0.12890224731792987,white-c,73689572.0,3230991.0,373890.0,0.0048844709423229932,dog,3854036.0,2861957.0,766857.0,0.12890224731792987,head,5034747.0,2714209.0,547300.0,0.075996409714654517,fur,105151.0,520037.0,7864.0,0.012738853503184711,bistro-indoor-s,127690.0,101811.0,2309.0,0.010163209972182115,matted,1621663.0,82124.0,22238.0,0.013224711263245972
119,texture,honeycombed,0.12716447967907085,orange-c,30864899.0,3507757.0,352921.0,0.010374007910408474,barrels,44255.0,479619.0,8131.0,0.015765604186581298,pane,489020.0,84478.0,5078.0,0.0089335350621019653,food,1124121.0,162553.0,6597.0,0.0051535962289768504,auditorium-s,497991.0,317958.0,33893.0,0.043338328713033329,honeycombed,1583356.0,2621158.0,474345.0,0.12716447967907085
60,texture,freckled,0.1233233274760052,pink-c,18799488.0,3048093.0,261737.0,0.012125400331810051,person,14745720.0,1696422.0,814743.0,0.052135547316607196,head,5034747.0,1608795.0,533563.0,0.087326486719512458,skin,180834.0,662802.0,9969.0,0.011958012011990397,podium-indoor-s,153228.0,101145.0,3725.0,0.014861479046311955,freckled,1583356.0,312078.0,208089.0,0.1233233274760052
197,object,cat,0.1226311430729824,brown-c,185306464.0,3207999.0,993423.0,0.0052976615317406519,cat,4228548.0,2656395.0,752080.0,0.1226311430729824,torso,7789829.0,2499608.0,821943.0,0.086817377439056209,fur,105151.0,408797.0,10470.0,0.020795347562356244,hut-s,140459.0,114565.0,9175.0,0.03731965556093373,matted,1621663.0,293084.0,119123.0,0.066340726120835983
72,texture,dotted,0.12186848090451315,pink-c,18799488.0,3107440.0,162760.0,0.0074852254636737538,dog,3854036.0,1311718.0,133977.0,0.026626179975781917,head,5034747.0,707273.0,166977.0,0.029950800379476894,ceramic,691094.0,468423.0,5642.0,0.0048896110930560068,laundromat-s,370301.0,579703.0,15669.0,0.016770216250060203,dotted,2987946.0,766296.0,407823.0,0.12186848090451315
57,texture,chequered,0.11685183548699177,pink-c,18799488.0,2844196.0,196886.0,0.0091802048958543828,book,624354.0,1160269.0,50679.0,0.029227587511476725,arm,2339418.0,517402.0,58472.0,0.020895185302185433,skin,180834.0,511354.0,9096.0,0.013315922306219365,bookstore-s,408608.0,558460.0,41626.0,0.044979588131941271,chequered,1557818.0,856102.0,252559.0,0.11685183548699177
194,object,dog,0.11616631177489803,black-c,142117568.0,3059641.0,1197404.0,0.0083164718829838672,dog,3854036.0,2448723.0,655967.0,0.11616631177489803,head,5034747.0,2243689.0,454240.0,0.066563152640985113,fur,105151.0,520027.0,17704.0,0.029143634130843456,pasture-s,868292.0,159640.0,10145.0,0.0099677044411060449,matted,1621663.0,107783.0,16514.0,0.0096407796690119625
169,texture,cracked,0.11601333173100073,yellow-c,34739742.0,2942815.0,447721.0,0.012024250623797564,rock,1965561.0,895258.0,59279.0,0.02115943374001442,drawer,550426.0,209336.0,12168.0,0.016276214094816169,food,1124121.0,562706.0,90210.0,0.056500713696522084,kasbah-s,191535.0,494272.0,17998.0,0.026950819770323545,cracked,1621663.0,1136449.0,286715.0,0.11601333173100073
129,object,dog,0.10787046076173329,black-c,142117568.0,3087176.0,869700.0,0.0060255636877763379,dog,3854036.0,2557864.0,624310.0,0.10787046076173329,head,5034747.0,2254129.0,568756.0,0.084634798188127594,fur,105151.0,421558.0,11216.0,0.021757812424223019,hut-s,140459.0,197664.0,6539.0,0.019720493148040912,matted,1621663.0,200581.0,43947.0,0.024712969768267055
236,texture,waffled,0.10750900039563933,orange-c,30864899.0,3012010.0,360084.0,0.010743380376870422,dog,3854036.0,1745757.0,403594.0,0.077671005286749029,head,5034747.0,1482125.0,246669.0,0.039339874642017172,food,1124121.0,701614.0,66785.0,0.037968674493305668,bakery-shop-s,727833.0,171900.0,20656.0,0.023497372812620508,waffled,1583356.0,496516.0,201899.0,0.10750900039563933
64,part,wheel,0.10532763108444342,black-c,142117568.0,3011308.0,761702.0,0.0052761440076398531,motorbike,1463055.0,2167663.0,211264.0,0.061782963011053814,wheel,1540612.0,1791638.0,317533.0,0.10532763108444342,fur,105151.0,374049.0,5715.0,0.012070076137575632,auto_showroom-s,306456.0,386323.0,17443.0,0.025828624566141885,spiralled,1634432.0,219645.0,36542.0,0.020105252443556796
79,texture,striped,0.10479613249506739,black-c,142117568.0,2916876.0,798602.0,0.0055367791315004767,motorbike,1463055.0,1626174.0,130095.0,0.04396387591775161,wheel,1540612.0,1191577.0,205963.0,0.081529918542521534,metal,3523669.0,345635.0,22139.0,0.0057546271085331668,laundromat-s,370301.0,333509.0,12275.0,0.017750366937320596,striped,2477186.0,694339.0,300837.0,0.10479613249506739
128,object,car,0.10377133145737824,black-c,142117568.0,3058776.0,960665.0,0.0066613076099721448,car,5435238.0,2771463.0,771555.0,0.10377133145737824,wheel,1540612.0,2229768.0,251826.0,0.071570878264196031,fur,105151.0,161652.0,2594.0,0.0098179850042958376,auto_showroom-s,306456.0,666022.0,21512.0,0.022621208329214711,freckled,1583356.0,112863.0,8016.0,0.0047482441388861409
201,object,cat,0.10354001905343622,black-c,142117568.0,2856639.0,637378.0,0.0044159069061992483,cat,4228548.0,1823900.0,567873.0,0.10354001905343622,head,5034747.0,1376722.0,413613.0,0.068960141757321278,fur,105151.0,337388.0,3249.0,0.0073960254046301971,ghost_town-s,153228.0,341836.0,6870.0,0.014072274546594179,interlaced,1659970.0,580858.0,110423.0,0.051831928670839585
31,object,dog,0.10185546344839672,brown-c,185306464.0,2919304.0,849333.0,0.0045327631513535837,dog,3854036.0,2295751.0,568486.0,0.10185546344839672,muzzle,678509.0,1992353.0,176701.0,0.07084586760838614,fur,105151.0,331666.0,10751.0,0.025233179835987846,pasture-s,868292.0,204353.0,16833.0,0.01594317927812906,freckled,1583356.0,215951.0,17436.0,0.0097852201421988454
30,object,car,0.09969617206664208,blue-c,62464739.0,2694070.0,412929.0,0.0063776876613616191,car,5435238.0,1930384.0,667752.0,0.09969617206664208,headlight,106014.0,1180515.0,20873.0,0.016491842965229098,metal,3523669.0,413406.0,50911.0,0.013100579388826616,auto_showroom-s,306456.0,653649.0,13976.0,0.014771770022903852,,25372003.0,104195.0,78759.0,0.0031010607014352906
109,texture,banded,0.098317000204525204,yellow-c,34739742.0,2668142.0,236695.0,0.0063677005327970543,dog,3854036.0,1144501.0,121476.0,0.024907623669254905,muzzle,678509.0,351302.0,26926.0,0.026848541956455623,fabric,8692975.0,438261.0,46148.0,0.0050795325262672194,escalator-outdoor-s,140459.0,527023.0,9270.0,0.014083608320723412,banded,2617645.0,550703.0,283618.0,0.098317000204525204
24,texture,zigzagged,0.095374142044830301,white-c,73689572.0,3068664.0,443336.0,0.005809298053197999,bicycle,1169902.0,1257040.0,144266.0,0.063200384110578989,wheel,1540612.0,474033.0,132413.0,0.070348926168506326,concrete,389074.0,333584.0,2611.0,0.0036261521817325809,windmill-s,255380.0,524588.0,17478.0,0.022922267833020756,zigzagged,1647201.0,994825.0,230041.0,0.095374142044830301
27,texture,spiralled,0.094938780650250507,pink-c,18799488.0,3116764.0,154557.0,0.0071022500774870706,labyrinth,52847.0,1143865.0,23192.0,0.01976276501465676,ear,797925.0,517687.0,18857.0,0.014541682893067696,fabric,8692975.0,407304.0,86359.0,0.009580626408931963,labyrinth-indoor-s,140459.0,512592.0,19028.0,0.030011529550189812,spiralled,1634432.0,1165275.0,242754.0,0.094938780650250507
206,texture,chequered,0.091022238373680536,white-c,73689572.0,2706476.0,463266.0,0.0061010012776826746,bicycle,1169902.0,1496752.0,45621.0,0.017405732777878036,wing,328483.0,518220.0,11594.0,0.013883217639852998,metal,3523669.0,296584.0,13552.0,0.0035600379436157448,archive-s,344763.0,620524.0,17912.0,0.018906979812640189,chequered,1557818.0,639791.0,183343.0,0.091022238373680536
67,object,dog,0.09050098038783104,pink-c,18799488.0,3136575.0,156659.0,0.0071929883848061227,dog,3854036.0,2571813.0,533283.0,0.09050098038783104,torso,7789829.0,2360345.0,688730.0,0.072793328375668667,fur,105151.0,357378.0,11603.0,0.025731494746366358,pasture-s,868292.0,138763.0,20539.0,0.020819733283596008,freckled,1583356.0,207795.0,100562.0,0.059483410811261635
166,object,water,0.089111008073172793,blue-c,62464739.0,2881862.0,734931.0,0.011374586046143057,water,5727031.0,2242749.0,652087.0,0.089111008073172793,pane,489020.0,318246.0,2300.0,0.0028572635365965763,plastic-clear,164387.0,68187.0,515.0,0.0022192632046160667,coast-s,1123672.0,883755.0,38588.0,0.019599367952382089,cobwebbed,1532280.0,557771.0,67021.0,0.033129019342273719
96,object,grass,0.088207155832071893,green-c,64303167.0,2884727.0,1424653.0,0.021663363580271235,grass,13100838.0,2742802.0,1284243.0,0.088207155832071893,wheel,1540612.0,904649.0,16518.0,0.0068010489376603457,foliage,30896.0,99229.0,1207.0,0.009362540529638988,field-cultivated-s,651219.0,911617.0,36965.0,0.024225507923015772,,25372003.0,165241.0,131596.0,0.0051797930916778817
185,part,hair,0.088129733744153782,pink-c,18799488.0,3018405.0,415606.0,0.019418765854322017,person,14745720.0,1648039.0,1138869.0,0.074655995552901394,hair,1180528.0,1656026.0,229738.0,0.088129733744153782,skin,180834.0,810802.0,22372.0,0.023081430858878486,witness_stand-s,140459.0,73384.0,4049.0,0.019299884648750671,freckled,1583356.0,65950.0,28502.0,0.017585099740622556
246,part,wheel,0.087219813110566161,red-c,21346526.0,2961770.0,191954.0,0.0079594989986458142,motorbike,1463055.0,1741942.0,119271.0,0.038652492152576087,wheel,1540612.0,1209529.0,220624.0,0.087219813110566161,glass,2287279.0,272135.0,13033.0,0.0051182442847319395,wine_cellar-barrel_storage-s,268149.0,425336.0,8420.0,0.012290804522198622,interlaced,1659970.0,729149.0,128062.0,0.056638112174969495
35,material,food,0.085483059348872001,orange-c,30864899.0,2852736.0,618584.0,0.01868887419158936,dog,3854036.0,952579.0,111176.0,0.023677445282539077,muzzle,678509.0,424382.0,27158.0,0.025246041536329183,food,1124121.0,1220695.0,184657.0,0.085483059348872001,bakery-shop-s,727833.0,371974.0,42585.0,0.040280092544423024,bumpy,2119654.0,411795.0,62176.0,0.025179880879918907
160,texture,dotted,0.083684934438768316,black-c,142117568.0,3217829.0,779934.0,0.0053953962293351726,washer,215226.0,1421388.0,73277.0,0.046872171515162757,wheel,1540612.0,1027007.0,86709.0,0.034950481879632879,ceramic,691094.0,492524.0,10709.0,0.0091302905852031144,laundromat-s,370301.0,374697.0,48655.0,0.06987217506315134,dotted,2987946.0,930999.0,302631.0,0.083684934438768316
75,object,cat,0.08328321490015779,red-c,21346526.0,2696702.0,103636.0,0.0043290629180313513,cat,4228548.0,1457858.0,437173.0,0.08328321490015779,head,5034747.0,887386.0,333265.0,0.059630143349243533,fur,105151.0,447413.0,2134.0,0.0038769689152117429,pantry-s,421377.0,459790.0,7444.0,0.0085198627024812203,swirly,1634432.0,406434.0,86518.0,0.044269495504383048
61,texture,dotted,0.081685622038319319,pink-c,18799488.0,2621304.0,97329.0,0.0045644086985308155,dog,3854036.0,1116527.0,291544.0,0.062308787376157269,muzzle,678509.0,824634.0,83176.0,0.058576009160776273,painted,13712616.0,436766.0,71532.0,0.0050811736167099379,utility_room-s,421377.0,263950.0,9314.0,0.013777841550384383,dotted,2987946.0,527820.0,265500.0,0.081685622038319319
91,object,dog,0.080108990237505465,white-c,73689572.0,2751036.0,632530.0,0.008343833753442477,dog,3854036.0,1705555.0,412341.0,0.080108990237505465,muzzle,678509.0,1325775.0,87767.0,0.045795054257280261,ceramic,691094.0,605464.0,18981.0,0.014857030143779983,waterfall-cascade-s,140459.0,283428.0,7123.0,0.017091207493929412,,25372003.0,96700.0,54410.0,0.002140921252462148
134,object,cat,0.080076983216146286,orange-c,30864899.0,2978121.0,213683.0,0.0063540652020585477,cat,4228548.0,1740950.0,442579.0,0.080076983216146286,head,5034747.0,918420.0,356129.0,0.063628119015808005,plastic-opaque,587694.0,404337.0,5731.0,0.0058106052925073499,archive-s,344763.0,659424.0,22030.0,0.022430222459342036,pleated,1532280.0,456626.0,42568.0,0.021870815860349023
228,texture,polka-dotted,0.079674293409038671,orange-c,30864899.0,2708397.0,182866.0,0.0054765991333444938,dog,3854036.0,1300252.0,173629.0,0.034860647958432807,muzzle,678509.0,707373.0,56138.0,0.042217148563934111,plastic-opaque,587694.0,352439.0,4201.0,0.0044885739562275885,poolroom-establishment-s,306456.0,513475.0,5771.0,0.0070882873145327692,polka-dotted,1736584.0,485173.0,163954.0,0.079674293409038671
161,texture,zigzagged,0.078958816705336429,red-c,21346526.0,3153117.0,164449.0,0.0067576613525250715,dog,3854036.0,1671352.0,142043.0,0.026385639411926971,body,1312994.0,892183.0,111062.0,0.053035291758093517,paper,478153.0,308270.0,3595.0,0.0045923242398074665,shopfront-s,204304.0,565682.0,12702.0,0.016773099656139569,zigzagged,1647201.0,927212.0,188397.0,0.078958816705336429
130,object,dog,0.078584451209313219,white-c,73689572.0,2737742.0,677216.0,0.0089401336484079535,dog,3854036.0,2078515.0,432239.0,0.078584451209313219,muzzle,678509.0,1636123.0,99823.0,0.045070703613720189,fur,105151.0,475618.0,7108.0,0.012390593050599568,beer_garden-s,127690.0,339940.0,3184.0,0.0068554794314086009,bumpy,2119654.0,124091.0,7076.0,0.0031636330632740027
18,object,dog,0.077283228465501244,orange-c,30864899.0,2691553.0,271783.0,0.0081654109283766652,dog,3854036.0,1651142.0,394936.0,0.077283228465501244,muzzle,678509.0,1380710.0,72063.0,0.036264389912014958,skin,180834.0,595037.0,9312.0,0.012147792929180922,catwalk-s,140459.0,226755.0,5893.0,0.016309597283302099,freckled,1583356.0,101647.0,8746.0,0.0052175770183211763
100,object,water,0.07708289730312895,blue-c,62464739.0,2773049.0,511264.0,0.0078988329421181332,water,5727031.0,1956328.0,549870.0,0.07708289730312895,head,5034747.0,484460.0,72218.0,0.013258334099811841,metal,3523669.0,325688.0,33611.0,0.0088085003561557823,lake-artificial-s,127690.0,759429.0,21314.0,0.024617552451187043,smeared,1902581.0,294976.0,21325.0,0.0097990471604130439
20,texture,freckled,0.075227532177156539,orange-c,30864899.0,2751253.0,251424.0,0.007535622649164111,sheep,824399.0,1245957.0,68636.0,0.034288511879783386,muzzle,678509.0,613742.0,48260.0,0.038794492886202556,food,1124121.0,564113.0,63349.0,0.038986759062949072,wine_cellar-barrel_storage-s,268149.0,426869.0,10611.0,0.01550393260150758,freckled,1583356.0,646067.0,155980.0,0.075227532177156539
90,texture,honeycombed,0.075065161455191487,orange-c,30864899.0,3289981.0,341834.0,0.010109529913394966,keyboard,128527.0,605673.0,11766.0,0.016286608880534414,wing,328483.0,121700.0,2349.0,0.0052452471228178286,food,1124121.0,380162.0,60232.0,0.041710438204744849,auditorium-s,497991.0,358082.0,19757.0,0.023623845532071606,honeycombed,1583356.0,2021975.0,251738.0,0.075065161455191487
225,part,hair,0.074860472216531249,brown-c,185306464.0,2787173.0,1048705.0,0.0056067009610289787,dog,3854036.0,1887889.0,389697.0,0.072810239025691725,hair,1180528.0,1773209.0,205718.0,0.074860472216531249,fur,105151.0,448959.0,4802.0,0.008741908000611677,sandbox-s,204304.0,143061.0,5830.0,0.017069992826503868,matted,1621663.0,125888.0,22666.0,0.013140586184006471
226,texture,frilly,0.074427216591197512,pink-c,18799488.0,2979870.0,686380.0,0.032540687237240754,person,14745720.0,1232784.0,282281.0,0.017984007999886344,head,5034747.0,706295.0,123458.0,0.0219770634493405,food,1124121.0,498283.0,20547.0,0.012826987677426887,florist_shop-indoor-s,229842.0,447388.0,9509.0,0.014240977893461489,frilly,1647201.0,1029050.0,185388.0,0.074427216591197512
137,part,wheel,0.07283227392294446,grey-c,161925849.0,2864790.0,785245.0,0.0047879217923771462,bicycle,1169902.0,2053488.0,190540.0,0.062825395255287936,wheel,1540612.0,1520687.0,207825.0,0.07283227392294446,carpet,4479475.0,332231.0,21897.0,0.0045715810379912854,office-s,1570587.0,408633.0,15380.0,0.0078315952419749056,cobwebbed,1532280.0,266434.0,28954.0,0.016360410451134618
25,texture,paisley,0.072690327581648978,purple-c,11026903.0,2774998.0,148320.0,0.010863084197471711,flower,600618.0,1232556.0,67411.0,0.038176697552276269,pot,428835.0,406506.0,7057.0,0.0085200245326482217,food,1124121.0,394836.0,16502.0,0.010983357238652739,florist_shop-indoor-s,229842.0,643841.0,21645.0,0.025403796544285581,paisley,1583356.0,810685.0,162231.0,0.072690327581648978
125,part,hair,0.071579769194301798,pink-c,18799488.0,2941683.0,235428.0,0.010947215355451798,person,14745720.0,1470926.0,923133.0,0.06036108250602723,hair,1180528.0,1405314.0,172730.0,0.071579769194301798,fabric,8692975.0,875376.0,59946.0,0.0063045274154813558,witness_stand-s,140459.0,191867.0,10486.0,0.03258140691026596,,25372003.0,54178.0,50022.0,0.0019712203095827072
132,object,motorbike,0.070638849410171928,black-c,142117568.0,2679964.0,751903.0,0.0052198945932611391,motorbike,1463055.0,1874137.0,220182.0,0.070638849410171928,wheel,1540612.0,1487704.0,144155.0,0.049981606435979126,fur,105151.0,424114.0,3548.0,0.0067488781987266894,batters_box-s,127690.0,333353.0,5029.0,0.01102817018775739,lacelike,1557818.0,125794.0,7240.0,0.0043188504699434253
163,part,clouds,0.070431383136133049,blue-c,62464739.0,3027370.0,2020229.0,0.031828724783321369,sky,37221493.0,2891622.0,2411181.0,0.06395377489122972,clouds,118939.0,293419.0,27132.0,0.070431383136133049,glass,2287279.0,42672.0,1562.0,0.00067085010279639701,lighthouse-s,600143.0,1696739.0,52490.0,0.02338718013609031,,25372003.0,214794.0,208954.0,0.008233717893203138
101,part,ear,0.070249522524344701,white-c,73689572.0,2711273.0,373747.0,0.0049159708818558353,cat,4228548.0,1941106.0,233391.0,0.03931614889704179,ear,797925.0,1281603.0,136497.0,0.070249522524344701,fabric,8692975.0,400451.0,41612.0,0.0045970895999409619,oast_house-s,153228.0,463999.0,11625.0,0.019195775443277923,crosshatched,1774891.0,154646.0,10739.0,0.005596732954693511
181,part,muzzle,0.069497239552106196,blue-c,62464739.0,2749427.0,366493.0,0.0056515983233507852,dog,3854036.0,1857624.0,346127.0,0.064509341383232569,muzzle,678509.0,1445997.0,138053.0,0.069497239552106196,food,1124121.0,390959.0,10414.0,0.006921137315523844,water_tower-s,280918.0,372453.0,6956.0,0.010760888902639943,spiralled,1634432.0,205765.0,27379.0,0.01510300537616021
164,texture,studded,0.069431768218448361,orange-c,30864899.0,2971789.0,212652.0,0.0063244043635927588,dog,3854036.0,960042.0,243125.0,0.053189127081376686,muzzle,678509.0,569468.0,56068.0,0.047040503931088697,food,1124121.0,578561.0,27377.0,0.016341501995159092,liquor_store-indoor-s,127690.0,328477.0,9113.0,0.020384562043958891,studded,1621663.0,1073335.0,174970.0,0.069431768218448361
220,texture,perforated,0.067956947485830754,orange-c,30864899.0,3637872.0,216669.0,0.0063194410376542663,file cabinet,108395.0,322631.0,3107.0,0.0072607199025983872,balcony,323043.0,82572.0,2482.0,0.0061567770438044006,food,1124121.0,112752.0,5003.0,0.0040613051701884131,anechoic_chamber-s,140459.0,200921.0,6891.0,0.02060157434175712,perforated,1825967.0,3046609.0,310055.0,0.067956947485830754
216,texture,knitted,0.067737736077871355,purple-c,11026903.0,2989120.0,240966.0,0.017492922170848368,sheep,824399.0,1178090.0,98372.0,0.051662791729709889,torso,7789829.0,378051.0,130531.0,0.016240553943843921,food,1124121.0,212608.0,25743.0,0.019636365300621059,hut-s,140459.0,450019.0,14249.0,0.024728016118591736,knitted,1889812.0,1561552.0,218956.0,0.067737736077871355
148,object,bird,0.066985373358850422,yellow-c,34739742.0,2834088.0,391435.0,0.01052742837033494,bird,1046893.0,1444138.0,156387.0,0.066985373358850422,torso,7789829.0,1047407.0,276446.0,0.032292113227867986,food,1124121.0,871756.0,109051.0,0.057796002387077557,ball_pit-s,280918.0,266263.0,3909.0,0.0071952907567479994,freckled,1583356.0,306313.0,44559.0,0.024149779687931885
117,object,car,0.066753876645859037,black-c,142117568.0,2770869.0,997043.0,0.0069291357341357048,car,5435238.0,2124148.0,473041.0,0.066753876645859037,wheel,1540612.0,1602792.0,179865.0,0.060692638092496844,leather,479449.0,316294.0,4841.0,0.0061208594743722977,auto_showroom-s,306456.0,536738.0,12729.0,0.015327557452752372,spiralled,1634432.0,115353.0,8020.0,0.0046045247206138598
33,object,pool table,0.066150192821184853,blue-c,62464739.0,3041522.0,949769.0,0.014712215155681012,pool table,443452.0,2046078.0,154465.0,0.066150192821184853,screen,689450.0,884413.0,36903.0,0.024010384134915679,plastic-opaque,587694.0,447825.0,6419.0,0.0062374890681177724,poolroom-home-s,1340745.0,945163.0,125311.0,0.057998321760143148,swirly,1634432.0,510244.0,36262.0,0.017198709551349972
104,object,grass,0.064851361028933213,green-c,64303167.0,2860610.0,753347.0,0.011343805483566361,grass,13100838.0,2388508.0,943329.0,0.064851361028933213,wheel,1540612.0,1110073.0,40090.0,0.01535665241065734,foliage,30896.0,162212.0,3952.0,0.020892808052612649,ranch-s,153228.0,450710.0,16706.0,0.028448722140482802,porous,1889812.0,348026.0,43788.0,0.019957612634169685
124,object,grass,0.063904593247097546,green-c,64303167.0,2833793.0,1658305.0,0.025325886733623345,grass,13100838.0,2081188.0,911925.0,0.063904593247097546,base,73996.0,581324.0,3274.0,0.0050211181419715775,cardboard,117011.0,201632.0,1831.0,0.0057794527985051049,stadium-baseball-s,153228.0,881245.0,39591.0,0.039794669116538436,cobwebbed,1532280.0,617177.0,95642.0,0.046567972285721938
56,texture,freckled,0.063888419531212673,orange-c,30864899.0,3063066.0,159017.0,0.004708971093798954,washer,215226.0,1584448.0,52993.0,0.030339254849626233,head,5034747.0,856333.0,214274.0,0.037745520984863674,ceramic,691094.0,420930.0,9178.0,0.0083221048088309695,laundromat-s,370301.0,553566.0,30085.0,0.033660333280374849,freckled,1583356.0,576296.0,129691.0,0.063888419531212673
217,part,screen,0.063863634120540386,black-c,142117568.0,2797146.0,1356818.0,0.0094513644864229543,bus,1654056.0,1135211.0,105526.0,0.039320485844200316,screen,689450.0,496259.0,71178.0,0.063863634120540386,glass,2287279.0,307570.0,32042.0,0.012502697237833361,bow_window-outdoor-s,293687.0,374317.0,8214.0,0.012449415723184648,polka-dotted,1736584.0,1033010.0,127170.0,0.048126265883143657
103,object,dog,0.062246586385472161,white-c,73689572.0,2739878.0,374803.0,0.0049280749406410366,dog,3854036.0,1785702.0,330483.0,0.062246586385472161,muzzle,678509.0,1453677.0,82702.0,0.040352596068083481,metal,3523669.0,541619.0,29522.0,0.0073150921039525085,podium-indoor-s,153228.0,250260.0,5161.0,0.012956691361619971,interlaced,1659970.0,155502.0,14650.0,0.0081351738261749365
65,part,wheel,0.062074972263491644,black-c,142117568.0,2867241.0,1163287.0,0.0080884069631803786,car,5435238.0,2432521.0,400107.0,0.053578688455219931,wheel,1540612.0,2044438.0,209535.0,0.062074972263491644,fur,105151.0,244293.0,9594.0,0.028230101515374421,street-s,28615329.0,750066.0,469818.0,0.016259166584560676,spiralled,1634432.0,120013.0,11445.0,0.0065662650602409641
204,object,dog,0.061928144464121197,blue-c,62464739.0,2776352.0,1110695.0,0.017319322338193575,dog,3854036.0,2305589.0,359209.0,0.061928144464121197,ear,797925.0,1058788.0,67394.0,0.037664608714265038,fur,105151.0,277282.0,2938.0,0.0077418674817850011,coast-s,1123672.0,713302.0,26108.0,0.014417411338000714,smeared,1902581.0,282035.0,31230.0,0.014502741264222949
34,object,bicycle,0.061797933529194049,white-c,73689572.0,3037605.0,487008.0,0.0063878137520917613,bicycle,1169902.0,1833798.0,174819.0,0.061797933529194049,wheel,1540612.0,877926.0,138423.0,0.060708780039603269,carpet,4479475.0,585958.0,50564.0,0.010082815722604119,dining_room-s,5797126.0,784091.0,152221.0,0.023677258470840547,cobwebbed,1532280.0,191773.0,22744.0,0.013368529761495412
241,texture,spiralled,0.061438079819083599,orange-c,30864899.0,3002961.0,168933.0,0.0050130082776819566,car,5435238.0,1255867.0,82824.0,0.012533365333586753,wheel,1540612.0,329393.0,29102.0,0.015808546131979795,food,1124121.0,759598.0,32877.0,0.017763266664577528,planetarium-outdoor-s,204304.0,654401.0,19261.0,0.022944949275949315,spiralled,1634432.0,430755.0,119537.0,0.061438079819083599
193,object,car,0.060494302635742223,blue-c,62464739.0,2652144.0,308133.0,0.0047544968850656739,car,5435238.0,1693743.0,406662.0,0.060494302635742223,screen,689450.0,937119.0,34913.0,0.021935016109008481,glass,2287279.0,516084.0,25569.0,0.0092047862440483349,galley-s,408608.0,811439.0,12325.0,0.010205163108728665,,25372003.0,69430.0,55797.0,0.0021979752644369437
50,object,bicycle,0.060160548917156872,red-c,21346526.0,2836082.0,114066.0,0.0047392151963338699,bicycle,1169902.0,1732402.0,164696.0,0.060160548917156872,wheel,1540612.0,948013.0,133130.0,0.056518905792625328,metal,3523669.0,449538.0,22465.0,0.0056862736164497709,rope_bridge-s,191535.0,537762.0,10976.0,0.015280076734496136,striped,2477186.0,345500.0,35982.0,0.012912027972830985
142,material,food,0.059515166037084032,yellow-c,34739742.0,2774576.0,367953.0,0.0099054914256078621,bottle,954397.0,1184129.0,49126.0,0.023512013018091318,muzzle,678509.0,514343.0,37705.0,0.032640867352813102,food,1124121.0,1077934.0,123694.0,0.059515166037084032,bakery-shop-s,727833.0,381176.0,11947.0,0.010889995278297853,spiralled,1634432.0,177396.0,16764.0,0.00933894278978354
192,part,wheel,0.059371503174661118,red-c,21346526.0,3080551.0,125102.0,0.0051478120605424043,car,5435238.0,1829247.0,237247.0,0.033761059466037725,wheel,1540612.0,810109.0,131744.0,0.059371503174661118,metal,3523669.0,380661.0,18804.0,0.0048394992080866275,viaduct-s,178766.0,739306.0,21779.0,0.024298973661514702,striped,2477186.0,506090.0,101331.0,0.035160629366625666
191,texture,dotted,0.059099656326843143,red-c,21346526.0,2914160.0,171826.0,0.0071330067093253891,motorbike,1463055.0,1629958.0,108901.0,0.036493603457242889,wheel,1540612.0,1074017.0,62105.0,0.024330819220504882,metal,3523669.0,502467.0,13933.0,0.0034726557953323896,amusement_arcade-s,306456.0,478898.0,9310.0,0.011996742452747523,dotted,2987946.0,348309.0,186169.0,0.059099656326843143
255,object,cat,0.058536223280558665,pink-c,18799488.0,2620933.0,102354.0,0.0048012795906870916,cat,4228548.0,1703905.0,328060.0,0.058536223280558665,head,5034747.0,1422274.0,340119.0,0.05560314682170811,fur,105151.0,534147.0,3184.0,0.0050053921152497811,podium-indoor-s,153228.0,300953.0,6723.0,0.015024873842908158,studded,1621663.0,64411.0,5407.0,0.0032171750858438941
190,texture,chequered,0.058104413073890374,red-c,21346526.0,2701849.0,278101.0,0.011699528579266693,horse,1249989.0,1294026.0,43942.0,0.017576286772426244,ear,797925.0,537056.0,24937.0,0.019035238511072909,leather,479449.0,267751.0,4907.0,0.0066105971631148334,theater-indoor_procenium-s,293687.0,493792.0,10128.0,0.013028863409193528,chequered,1557818.0,971424.0,138890.0,0.058104413073890374
203,scene,bakery-shop-s,0.057691225885812006,orange-c,30864899.0,2716696.0,340765.0,0.010251398656411408,dog,3854036.0,1113945.0,105126.0,0.021618164637851631,muzzle,678509.0,593220.0,25385.0,0.020367571071871007,food,1124121.0,1167702.0,116058.0,0.053341238598837652,bakery-shop-s,727833.0,400292.0,61533.0,0.057691225885812006,waffled,1583356.0,98716.0,11779.0,0.0070520561362587284
172,part,wheel,0.057083435410981764,yellow-c,34739742.0,2584890.0,176681.0,0.0047561438852980076,motorbike,1463055.0,1693544.0,147942.0,0.049172105693669969,wheel,1540612.0,1078512.0,141435.0,0.057083435410981764,food,1124121.0,400956.0,8997.0,0.0059343834098464464,carrousel-s,204304.0,516125.0,4425.0,0.0061801330718822788,interlaced,1659970.0,231807.0,41158.0,0.022240126141577495
218,material,food,0.056400384184712965,brown-c,185306464.0,2854257.0,1063603.0,0.0056847642089281137,dog,3854036.0,1627337.0,270532.0,0.051917147347232434,torso,7789829.0,1243464.0,396315.0,0.045885841089325453,food,1124121.0,653298.0,94895.0,0.056400384184712965,bakery-shop-s,727833.0,241234.0,15040.0,0.015764752989171165,crystalline,1557818.0,425698.0,48469.0,0.025047970411054617
102,object,plant,0.056387151673980104,green-c,64303167.0,2718076.0,1211681.0,0.018411929257331937,plant,3826627.0,2060214.0,314224.0,0.056387151673980104,pot,428835.0,334915.0,15871.0,0.021221347303507651,food,1124121.0,334059.0,28069.0,0.019627147822791378,florist_shop-indoor-s,229842.0,1133326.0,24706.0,0.01845849938212665,frilly,1647201.0,175700.0,31101.0,0.017357405960486662
2,texture,grid,0.055959395066268014,red-c,21346526.0,2975869.0,148867.0,0.0061582653553920634,bookcase,530861.0,1453710.0,90504.0,0.047782892579829539,sash,106791.0,294581.0,5507.0,0.013911308147979737,glass,2287279.0,540761.0,28475.0,0.010171223029292051,bookstore-s,408608.0,1045192.0,68552.0,0.04948716764074014,grid,1712438.0,521763.0,118399.0,0.055959395066268014
120,object,grass,0.055801167128676769,green-c,64303167.0,2648472.0,1616757.0,0.024745694038293357,grass,13100838.0,2327538.0,815420.0,0.055801167128676769,pot,428835.0,488836.0,4832.0,0.0052933759403355901,foliage,30896.0,155302.0,2967.0,0.016192674820308783,park-s,1200286.0,1144772.0,38567.0,0.016721071098911723,veined,1838736.0,205572.0,12798.0,0.0062997474784766009
229,material,food,0.055632926302973194,orange-c,30864899.0,2722401.0,535636.0,0.016206022183936034,case,620061.0,1045732.0,31359.0,0.019186458431481479,shop window,238282.0,234871.0,6269.0,0.013427318134697266,food,1124121.0,901229.0,106738.0,0.055632926302973194,bakery-shop-s,727833.0,606308.0,58476.0,0.045839620903607138,waffled,1583356.0,307663.0,36019.0,0.019417250673854448
222,texture,spiralled,0.054695006372129276,red-c,21346526.0,3170626.0,144703.0,0.0059371546946308104,bird,1046893.0,1368032.0,62518.0,0.026576183458049563,roof,451342.0,578571.0,17648.0,0.017434169906101662,brick,429724.0,413406.0,6590.0,0.0078776866617256778,skyscraper-s,4481919.0,612480.0,89976.0,0.017979295515187264,spiralled,1634432.0,1109838.0,142314.0,0.054695006372129276
138,object,car,0.054627128820859946,blue-c,62464739.0,2668042.0,339640.0,0.0052419128746976473,car,5435238.0,1992793.0,384754.0,0.054627128820859946,wheel,1540612.0,1501519.0,84251.0,0.028483576074756243,plastic-opaque,587694.0,307914.0,4370.0,0.0049032918255280849,street-s,28615329.0,760359.0,407648.0,0.014072336271283801,dotted,2987946.0,133777.0,27913.0,0.0090222088622119653
145,object,airplane,0.054043814893246292,red-c,21346526.0,2685068.0,158135.0,0.0066238830326179375,airplane,1310659.0,1605115.0,149500.0,0.054043814893246292,body,1312994.0,1020903.0,83950.0,0.037311990015764816,skin,180834.0,598090.0,6469.0,0.0083745978730152548,moon_bounce-s,140459.0,469601.0,3980.0,0.0065667898627243919,interlaced,1659970.0,256671.0,24334.0,0.012859435598980503
73,texture,perforated,0.053152473147657205,white-c,73689572.0,3196065.0,414512.0,0.0054205034906966518,dog,3854036.0,2008104.0,184341.0,0.032466982364116798,muzzle,678509.0,846845.0,45363.0,0.030650862066053105,fur,105151.0,152805.0,1322.0,0.0051513049712820572,building_facade-s,3205019.0,1265012.0,163647.0,0.038001023596595192,perforated,1825967.0,903166.0,137739.0,0.053152473147657205
86,texture,waffled,0.052810259473083362,orange-c,30864899.0,3017849.0,392083.0,0.01170723244820609,horse,1249989.0,1714284.0,144294.0,0.051168466148152167,torso,7789829.0,1303205.0,307855.0,0.035042541535010269,food,1124121.0,734416.0,66115.0,0.036885844962849149,pasture-s,868292.0,337944.0,13448.0,0.011274425966726695,waffled,1583356.0,387409.0,98856.0,0.052810259473083362
19,part,wheel,0.052806503431255897,black-c,142117568.0,2829862.0,783708.0,0.0054362358929661934,car,5435238.0,1625945.0,303618.0,0.044930089462698469,wheel,1540612.0,976761.0,126266.0,0.052806503431255897,metal,3523669.0,675202.0,76350.0,0.018520221000693508,escalator-outdoor-s,140459.0,450723.0,14616.0,0.025350090015713721,spiralled,1634432.0,131657.0,21698.0,0.012438725033550391
107,texture,perforated,0.051225456706991648,yellow-c,34739742.0,2503515.0,328559.0,0.0089004926980575591,bird,1046893.0,661976.0,32580.0,0.019435789413400673,neck,827257.0,194669.0,9458.0,0.0093415298063741267,painted,13712616.0,345399.0,196655.0,0.014187280324585754,museum-indoor-s,587374.0,302856.0,4998.0,0.0056459775516474768,perforated,1825967.0,874504.0,131592.0,0.051225456706991648
93,object,motorbike,0.051126033589343929,purple-c,11026903.0,2925688.0,163582.0,0.011863216566179629,motorbike,1463055.0,1438097.0,141110.0,0.051126033589343929,muzzle,678509.0,897307.0,65663.0,0.043481024770337842,food,1124121.0,385074.0,17804.0,0.011937848625880135,casino-indoor-s,663988.0,381589.0,24260.0,0.023753643579809205,studded,1621663.0,822768.0,107137.0,0.045838050326574238
59,object,motorbike,0.050901178787845149,black-c,142117568.0,2741895.0,1091229.0,0.0075901954808737515,motorbike,1463055.0,1850242.0,160482.0,0.050901178787845149,wheel,1540612.0,840194.0,90353.0,0.03944765511451228,fur,105151.0,192659.0,3264.0,0.011081460960257477,mountain_snowy-s,1825967.0,626230.0,35079.0,0.014512737896950003,lacelike,1557818.0,578550.0,78378.0,0.038084733161968719
78,texture,paisley,0.05046274525171774,red-c,21346526.0,2982286.0,137870.0,0.0056992406496613485,bottle,954397.0,1204345.0,50695.0,0.024048325298249993,body,1312994.0,569194.0,62567.0,0.034384632843872436,food,1124121.0,466818.0,29355.0,0.018798220268650294,plaza-s,446915.0,482390.0,6685.0,0.0072456699399536095,paisley,1583356.0,989992.0,123620.0,0.05046274525171774
175,part,head,0.050311134902510421,pink-c,18799488.0,2716252.0,106068.0,0.00495420948064968,dog,3854036.0,1706231.0,199784.0,0.037269775876539485,head,5034747.0,1534278.0,314664.0,0.050311134902510421,painted,13712616.0,542654.0,56596.0,0.0039860060171816045,ball_pit-s,280918.0,196557.0,6196.0,0.013147201551522556,,25372003.0,81972.0,57002.0,0.0022444407055911744
9,object,pottedplant,0.049531906250396711,green-c,64303167.0,2632732.0,792836.0,0.011986684076000533,pottedplant,938227.0,1211313.0,101446.0,0.049531906250396711,pot,428835.0,551410.0,22311.0,0.023290748631951675,food,1124121.0,791376.0,43987.0,0.0235034811462402,florist_shop-indoor-s,229842.0,477710.0,9986.0,0.014315491294013754,frilly,1647201.0,219431.0,19191.0,0.010387882481768024
211,texture,striped,0.049530843388221064,orange-c,30864899.0,3018351.0,193735.0,0.0057506022274289199,dog,3854036.0,1101684.0,165171.0,0.034478511753037074,ear,797925.0,651083.0,50711.0,0.036266258169759355,food,1124121.0,248395.0,14785.0,0.01088949136463703,mountain-s,1187517.0,352146.0,18538.0,0.012187032623880352,striped,2477186.0,1438114.0,184776.0,0.049530843388221064
140,color,red-c,0.049012842951048283,red-c,21346526.0,3006625.0,1137848.0,0.049012842951048283,bus,1654056.0,1883230.0,115996.0,0.033904170649082653,body,1312994.0,1223149.0,36429.0,0.014573267181765595,plastic-opaque,587694.0,652687.0,12103.0,0.009853632483851375,auto_showroom-s,306456.0,561701.0,14649.0,0.017163283765354278,zigzagged,1647201.0,302580.0,21488.0,0.011143534722160999
108,texture,banded,0.048177842303670192,red-c,21346526.0,2567600.0,118696.0,0.0049881847060549017,bus,1654056.0,1182752.0,45496.0,0.016299145348137364,coach,701489.0,284420.0,21914.0,0.022732483052297987,glass,2287279.0,556894.0,14685.0,0.005189984901862104,subway_interior-s,370301.0,658215.0,18572.0,0.018389138407674088,banded,2617645.0,299109.0,134064.0,0.048177842303670192
111,object,sky,0.046986407304122887,blue-c,62464739.0,2894890.0,2063678.0,0.032603633682666368,sky,37221493.0,2668018.0,1790152.0,0.046986407304122887,screen,689450.0,483294.0,16668.0,0.014417737242188229,glass,2287279.0,81553.0,10947.0,0.0046427200648038389,street-s,28615329.0,1546385.0,466588.0,0.015712612231381002,,25372003.0,199718.0,173442.0,0.0068288878943333128
207,texture,striped,0.046889180679104053,brown-c,185306464.0,3043604.0,823721.0,0.0043925614356472263,aqueduct,72191.0,1671332.0,17581.0,0.010186321440697312,arcades,36632.0,468771.0,6576.0,0.013182927147087064,carpet,4479475.0,391750.0,16640.0,0.0034276874336323288,viaduct-s,178766.0,1017084.0,18063.0,0.015336389347140017,striped,2477186.0,579632.0,136912.0,0.046889180679104053
186,texture,chequered,0.046807350985751082,pink-c,18799488.0,2874969.0,131834.0,0.0061196818976036486,ground,7934379.0,1080979.0,242256.0,0.027613494064015212,paw,271585.0,363795.0,4058.0,0.0064277817025226421,carpet,4479475.0,321526.0,81964.0,0.017368797913642126,rubble-s,127690.0,406217.0,6130.0,0.011614753958584778,chequered,1557818.0,1369204.0,130880.0,0.046807350985751082
151,object,skyscraper,0.046677243436994996,blue-c,62464739.0,3047997.0,286824.0,0.0043973934776105547,skyscraper,1293433.0,1403557.0,120274.0,0.046677243436994996,body,1312994.0,311905.0,18090.0,0.011258338732232642,brick,429724.0,451795.0,5500.0,0.0062784026373857178,skyscraper-s,4481919.0,814636.0,223705.0,0.044098485072493768,spiralled,1634432.0,508734.0,69919.0,0.033724394633152729
121,object,dog,0.04632472362175568,pink-c,18799488.0,2696233.0,154715.0,0.0072496582401035828,dog,3854036.0,1568522.0,240077.0,0.04632472362175568,leg,2832633.0,1339473.0,125361.0,0.030978230652042568,skin,180834.0,717738.0,21171.0,0.024129217997244129,catwalk-s,140459.0,213697.0,8835.0,0.025584890580068971,,25372003.0,72200.0,54549.0,0.0021484735475323924
54,object,cat,0.04599664220268232,black-c,142117568.0,2804387.0,756519.0,0.005247575431325994,cat,4228548.0,1908876.0,269887.0,0.04599664220268232,head,5034747.0,1350425.0,186102.0,0.030020954756116644,carpet,4479475.0,368807.0,57584.0,0.012019960348158035,bus_depot-outdoor-s,165997.0,556583.0,14637.0,0.020675393357939831,striped,2477186.0,294958.0,85014.0,0.031637471949626551
167,texture,studded,0.045966160772638154,orange-c,30864899.0,2427871.0,149873.0,0.0045220247342892201,dog,3854036.0,1238898.0,75996.0,0.015147885024690359,head,5034747.0,642295.0,80270.0,0.014342195822877902,metal,3523669.0,406330.0,9062.0,0.002311182250569188,casino-indoor-s,663988.0,569460.0,10107.0,0.0082618010840803998,studded,1621663.0,250857.0,82290.0,0.045966160772638154
94,object,dog,0.045855763626448137,orange-c,30864899.0,2896192.0,382805.0,0.011468683562720986,dog,3854036.0,1222277.0,222572.0,0.045855763626448137,head,5034747.0,1031713.0,179053.0,0.03041287955801255,food,1124121.0,842681.0,52018.0,0.027166510687367348,ball_pit-s,280918.0,221596.0,5854.0,0.011786735392421373,spiralled,1634432.0,435728.0,66257.0,0.033063975651516066
154,texture,striped,0.044964326216501614,yellow-c,34739742.0,2696371.0,436931.0,0.01180920702517153,dog,3854036.0,1493857.0,164863.0,0.031808228005626056,head,5034747.0,809458.0,100400.0,0.017479702044202405,fur,105151.0,512394.0,5946.0,0.0097220564454814327,subway_station-corridor-s,191535.0,488221.0,6645.0,0.0098720716196882812,striped,2477186.0,359912.0,122079.0,0.044964326216501614
105,part,muzzle,0.044829408917904566,yellow-c,34739742.0,2956944.0,184213.0,0.0049107132979475917,dog,3854036.0,1860130.0,242281.0,0.044277429076086214,muzzle,678509.0,819791.0,64286.0,0.044829408917904566,fur,105151.0,371558.0,4490.0,0.0095083001742835398,building_facade-s,3205019.0,1048500.0,118136.0,0.028567124254271006,spiralled,1634432.0,275774.0,44517.0,0.023860889998279455
14,texture,spiralled,0.044713735761496273,yellow-c,34739742.0,3129703.0,284050.0,0.007557456825982539,washer,215226.0,929927.0,25433.0,0.022713714142821421,headlight,106014.0,389571.0,8162.0,0.016745208986855355,food,1124121.0,873467.0,77031.0,0.040108676805739166,ball_pit-s,280918.0,385880.0,18289.0,0.028201613238983569,spiralled,1634432.0,742835.0,101747.0,0.044713735761496273
12,part,body,0.044539095177987632,yellow-c,34739742.0,2713652.0,152522.0,0.0040889660702838259,signboard,672140.0,2019947.0,65129.0,0.024792554734411436,body,1312994.0,543950.0,79180.0,0.044539095177987632,paper,478153.0,218067.0,7962.0,0.011568336292494964,building_facade-s,3205019.0,1019732.0,58430.0,0.01402436346119274,cobwebbed,1532280.0,247762.0,27547.0,0.015718732435755878
99,object,dog,0.0440986196173698,black-c,142117568.0,2866157.0,1089483.0,0.0075714148450776782,dog,3854036.0,1523548.0,227128.0,0.0440986196173698,hair,1180528.0,1164187.0,67117.0,0.029468325841522515,fur,105151.0,665375.0,6697.0,0.0087676692034473671,laundromat-s,370301.0,301676.0,20021.0,0.030709127609838696,dotted,2987946.0,203560.0,81130.0,0.026083663196989688
17,material,food,0.044085444552402223,yellow-c,34739742.0,2549178.0,441825.0,0.011990768878794923,case,620061.0,1134632.0,21245.0,0.01225591999298508,pot,428835.0,302120.0,5111.0,0.0070414579441312446,food,1124121.0,675804.0,76000.0,0.044085444552402223,bakery-shop-s,727833.0,643521.0,44491.0,0.033530967402060345,paisley,1583356.0,411701.0,44637.0,0.022885839972928909
141,object,dog,0.044081954745802905,pink-c,18799488.0,2920838.0,167608.0,0.0077766525781110298,dog,3854036.0,1253070.0,215626.0,0.044081954745802905,ear,797925.0,769439.0,39724.0,0.02600350868005551,food,1124121.0,474621.0,44224.0,0.028448689561651908,cottage_garden-s,140459.0,335855.0,6945.0,0.014796460780324219,frilly,1647201.0,1060740.0,96290.0,0.036869397940230149
82,texture,chequered,0.043394900270164127,white-c,73689572.0,2336596.0,365685.0,0.0048332363936931253,person,14745720.0,1083455.0,161441.0,0.010304042690538402,arm,2339418.0,465581.0,42982.0,0.015561815875861734,fabric,8692975.0,537855.0,79332.0,0.0086687447235414359,cockpit-s,549067.0,409651.0,6467.0,0.0067912766697015795,chequered,1557818.0,285938.0,76682.0,0.043394900270164127
205,texture,polka-dotted,0.043184261894635825,red-c,21346526.0,2916740.0,144928.0,0.0060090376044982866,cat,4228548.0,1721861.0,150110.0,0.025879700339585941,head,5034747.0,930594.0,116608.0,0.019937309499339431,fur,105151.0,363015.0,3315.0,0.0071313173468487735,pagoda-s,140459.0,505033.0,13987.0,0.02214867657421556,polka-dotted,1736584.0,654942.0,99001.0,0.043184261894635825
97,object,train,0.043094143177693313,black-c,142117568.0,2565338.0,693540.0,0.0048166056929509638,train,1669220.0,1555565.0,133228.0,0.043094143177693313,body,1312994.0,1066794.0,68868.0,0.029801118169387086,food,1124121.0,522420.0,11186.0,0.0068401050536427872,stage-indoor-s,178766.0,411071.0,5380.0,0.0092051254412215087,bumpy,2119654.0,161156.0,25182.0,0.011164074927248642
159,texture,honeycombed,0.042939539350253263,white-c,73689572.0,2374847.0,1453002.0,0.019474258209035221,sky,37221493.0,1342168.0,626922.0,0.0165254583426372,neck,827257.0,183324.0,3666.0,0.0036408237040862434,painted,13712616.0,183322.0,47448.0,0.0034262219202237936,art_gallery-s,970444.0,733985.0,20450.0,0.012143856900828335,honeycombed,1583356.0,527927.0,86925.0,0.042939539350253263
89,object,dog,0.042822703395107575,white-c,73689572.0,2634306.0,438842.0,0.0057829846717078713,dog,3854036.0,1776291.0,231205.0,0.042822703395107575,head,5034747.0,1393102.0,210578.0,0.03386984418083111,fur,105151.0,517031.0,3546.0,0.0057319651620662219,dining_car-s,242611.0,393294.0,7084.0,0.011265527073682334,striped,2477186.0,114016.0,16346.0,0.0063483161776813927
77,texture,dotted,0.042776993873787646,red-c,21346526.0,2832862.0,324035.0,0.013583324463905439,motorbike,1463055.0,1629856.0,106172.0,0.035547799791009527,wheel,1540612.0,1078715.0,52530.0,0.020465194559600934,plastic-opaque,587694.0,677392.0,5606.0,0.0044510432877060378,auto_showroom-s,306456.0,447801.0,12155.0,0.016379150035978878,dotted,2987946.0,263002.0,133361.0,0.042776993873787646
176,object,book,0.042680198389218577,red-c,21346526.0,2758997.0,117848.0,0.0049128562897404601,book,624354.0,1703514.0,95287.0,0.042680198389218577,muzzle,678509.0,683898.0,31835.0,0.023925800332488582,fabric,8692975.0,451731.0,31060.0,0.0034080761969468641,bookstore-s,408608.0,802967.0,33689.0,0.028601239848338463,swirly,1634432.0,206713.0,19637.0,0.01078062791928446
4,object,tree,0.042274110619496388,green-c,64303167.0,2541578.0,973642.0,0.014781018620562646,tree,21530467.0,2406444.0,970869.0,0.042274110619496388,cloud,131738.0,246521.0,1917.0,0.0050937710911883325,foliage,30896.0,25808.0,341.0,0.0060500683072228128,river-s,638450.0,1076233.0,24952.0,0.014766847504129356,,25372003.0,184430.0,150566.0,0.0059264263644299171
248,object,dog,0.041694436875219461,orange-c,30864899.0,2709065.0,928272.0,0.02843474722484057,dog,3854036.0,1444424.0,212074.0,0.041694436875219461,muzzle,678509.0,852326.0,39196.0,0.026277135419494932,wood,9965408.0,769151.0,182349.0,0.017280645476160917,kitchen-s,9168142.0,668623.0,123337.0,0.01269757700371074,scaly,1596125.0,106254.0,5091.0,0.0029994909526256004
53,object,sheep,0.041628737040183522,white-c,73689572.0,2627925.0,545622.0,0.0072008512393285764,sheep,824399.0,2055693.0,115103.0,0.041628737040183522,torso,7789829.0,1301236.0,203959.0,0.022949990694383526,fabric,8692975.0,353131.0,82038.0,0.0091518716725486685,mountain_snowy-s,1825967.0,610098.0,24242.0,0.010051318027898399,,25372003.0,73604.0,50058.0,0.00197113281543943
223,part,wheel,0.041540317717151644,black-c,142117568.0,2820516.0,1136699.0,0.0079046457028212908,dog,3854036.0,1707981.0,179882.0,0.033422052772737958,wheel,1540612.0,1276214.0,112345.0,0.041540317717151644,metal,3523669.0,528017.0,44769.0,0.011172929212159873,auto_showroom-s,306456.0,367160.0,7883.0,0.011841083437354013,spiralled,1634432.0,210689.0,30577.0,0.016851065612076641
243,object,motorbike,0.040475064654504775,red-c,21346526.0,2760790.0,237276.0,0.0099403268700010549,motorbike,1463055.0,1593379.0,118897.0,0.040475064654504775,wheel,1540612.0,954800.0,63223.0,0.025994279227477799,cardboard,117011.0,468369.0,4276.0,0.0073584074451389066,kindergarden_classroom-s,280918.0,471851.0,14320.0,0.019391995926597502,paisley,1583356.0,394876.0,75478.0,0.039667765775292026
146,texture,studded,0.040424496115369725,black-c,142117568.0,2580291.0,678259.0,0.00470949093040114,motorbike,1463055.0,942524.0,44874.0,0.019008728324801279,head,5034747.0,496230.0,54608.0,0.0099715705789730387,metal,3523669.0,588362.0,50822.0,0.012514007528300071,limousine_interior-s,127690.0,335557.0,4328.0,0.0094308581688707562,studded,1621663.0,464205.0,81044.0,0.040424496115369725
122,texture,dotted,0.040281731794540053,yellow-c,34739742.0,2923601.0,629315.0,0.016992885569995248,motorbike,1463055.0,1237477.0,54266.0,0.020506630852680719,wheel,1540612.0,645193.0,22406.0,0.010356850493136033,food,1124121.0,887235.0,60788.0,0.031164255744993253,ball_pit-s,280918.0,508453.0,30551.0,0.04026119501331013,dotted,2987946.0,409998.0,131575.0,0.040281731794540053
70,object,bicycle,0.040097943573847127,orange-c,30864899.0,2633240.0,134806.0,0.004040543551209347,bicycle,1169902.0,1665042.0,109293.0,0.040097943573847127,wheel,1540612.0,990176.0,78279.0,0.031917925683453148,metal,3523669.0,482138.0,23022.0,0.0057803772987997095,television_studio-s,204304.0,558285.0,8283.0,0.010980954678870378,cobwebbed,1532280.0,141429.0,12371.0,0.0074464076545531369
95,part,body,0.039550453606937173,white-c,73689572.0,2475222.0,434621.0,0.0057390731168671704,bottle,954397.0,1289948.0,79436.0,0.03669253534444173,body,1312994.0,617341.0,73441.0,0.039550453606937173,food,1124121.0,641752.0,22570.0,0.012946687982525126,downtown-s,140459.0,482002.0,5662.0,0.009179651717982679,bumpy,2119654.0,231060.0,24613.0,0.010581225836711304
155,texture,frilly,0.039421389096176464,purple-c,11026903.0,2781668.0,185502.0,0.013616755519626305,bed,6001986.0,1188981.0,150609.0,0.021392236019816036,arm,2339418.0,370285.0,35020.0,0.013093140383365056,fabric,8692975.0,322659.0,129839.0,0.01461197337998457,jacuzzi-indoor-s,536298.0,552413.0,8617.0,0.0079780093214109147,frilly,1647201.0,1002070.0,100477.0,0.039421389096176464
118,scene,ball_pit-s,0.039107073142332686,pink-c,18799488.0,2809144.0,181024.0,0.0084481664962323365,airplane,1310659.0,1296534.0,63503.0,0.024964913177313273,body,1312994.0,867835.0,49817.0,0.023377156017891969,food,1124121.0,727079.0,31251.0,0.017171360296359954,ball_pit-s,280918.0,325933.0,22839.0,0.039107073142332686,dotted,2987946.0,357764.0,123129.0,0.038208193991089753
11,part,body,0.038932047160642587,purple-c,11026903.0,2750172.0,81817.0,0.0059741116231618275,bottle,954397.0,1227700.0,73894.0,0.035050704320219637,body,1312994.0,576973.0,70823.0,0.038932047160642587,metal,3523669.0,727963.0,106438.0,0.025677447183412888,subway_station-corridor-s,191535.0,484412.0,7587.0,0.011351666766413308,studded,1621663.0,252443.0,22652.0,0.012234708504775166
8,object,horse,0.038611986163761235,red-c,21346526.0,2753009.0,270430.0,0.011348726693679851,horse,1249989.0,1655312.0,108009.0,0.038611986163761235,body,1312994.0,1069215.0,48546.0,0.020802489476843915,leather,479449.0,593242.0,13325.0,0.012578277951151915,moon_bounce-s,140459.0,454335.0,7359.0,0.012527343450764762,studded,1621663.0,184684.0,25976.0,0.014590217432209354
87,object,train,0.038557583920417332,black-c,142117568.0,2472888.0,1220606.0,0.0085136868037456962,train,1669220.0,1479913.0,116915.0,0.038557583920417332,head,5034747.0,916693.0,190647.0,0.033093881345849431,fur,105151.0,540011.0,4284.0,0.0066845795923717137,cockpit-s,549067.0,490886.0,19801.0,0.019409852649409105,studded,1621663.0,114127.0,10641.0,0.0061681628659321598
170,object,sheep,0.038282742441941554,brown-c,185306464.0,2600056.0,829609.0,0.0044345878685157466,sheep,824399.0,1654554.0,91402.0,0.038282742441941554,torso,7789829.0,733608.0,200452.0,0.024084147694607164,food,1124121.0,465331.0,22617.0,0.014434832002093391,hut-s,140459.0,790186.0,13089.0,0.014265069379961548,knitted,1889812.0,352690.0,31666.0,0.014323088641581737
10,part,muzzle,0.038196939621598536,red-c,21346526.0,2787311.0,137600.0,0.0057342324131904512,dog,3854036.0,1525558.0,118423.0,0.022508867322502919,muzzle,678509.0,561067.0,45606.0,0.038196939621598536,metal,3523669.0,488287.0,36955.0,0.0092968530070810049,closet-s,1008751.0,665716.0,19424.0,0.011736250961455382,lined,1596125.0,301648.0,38389.0,0.02064608493995861
29,texture,meshed,0.037991504676770795,white-c,73689572.0,2717707.0,473681.0,0.0062380950261305941,bicycle,1169902.0,1657367.0,54168.0,0.019533367158282369,wheel,1540612.0,433368.0,40708.0,0.021056530069229782,tile,4032446.0,334168.0,26260.0,0.0060501977488472136,windmill-s,255380.0,623317.0,10389.0,0.011964648488785083,meshed,1787660.0,411161.0,80479.0,0.037991504676770795
6,object,pool table,0.037937264697803577,red-c,21346526.0,2527165.0,585586.0,0.025145283396824258,pool table,443452.0,1525269.0,71958.0,0.037937264697803577,footboard,372828.0,577047.0,15215.0,0.016278646780647506,wood,9965408.0,548622.0,99879.0,0.00959070019245928,poolroom-home-s,1340745.0,886839.0,58200.0,0.02682789215740505,polka-dotted,1736584.0,190744.0,11070.0,0.0057768839060293549
37,object,horse,0.037937249887001291,black-c,142117568.0,2638770.0,613020.0,0.0042528506246817489,horse,1249989.0,1762819.0,110120.0,0.037937249887001291,body,1312994.0,1175312.0,45206.0,0.018503540583684662,fabric,8692975.0,413871.0,32124.0,0.003539943151977548,water_tower-s,280918.0,456600.0,21153.0,0.02952824328380085,bumpy,2119654.0,115388.0,13017.0,0.0058581699125797417
195,object,airplane,0.037546711835993431,blue-c,62464739.0,2780422.0,387313.0,0.0059717214175838826,airplane,1310659.0,2254310.0,129009.0,0.037546711835993431,body,1312994.0,1480545.0,64378.0,0.023588934474734178,carpet,4479475.0,244379.0,32127.0,0.0068475851216407094,poolroom-home-s,1340745.0,657295.0,31075.0,0.015798450912954731,cobwebbed,1532280.0,103739.0,5318.0,0.003261174182146206
7,object,sheep,0.037522407215774677,white-c,73689572.0,2741567.0,702747.0,0.0092798352300944142,sheep,824399.0,1366314.0,79228.0,0.037522407215774677,torso,7789829.0,824382.0,220726.0,0.026297300823197992,ceramic,691094.0,717074.0,26646.0,0.019287423580659591,geodesic_dome-outdoor-s,255380.0,469323.0,6264.0,0.0087189030662310919,braided,1596125.0,95152.0,4645.0,0.0027540091733110721
28,object,dog,0.037332402555571312,orange-c,30864899.0,2712467.0,401853.0,0.012112940047076288,dog,3854036.0,1382530.0,188458.0,0.037332402555571312,muzzle,678509.0,943641.0,36899.0,0.023276440134716837,food,1124121.0,793121.0,29452.0,0.015601311586564184,ball_pit-s,280918.0,355026.0,5236.0,0.0083017814900080526,honeycombed,1583356.0,203026.0,14497.0,0.0081816822197828872
219,part,torso,0.037152770647010128,orange-c,30864899.0,2540745.0,183428.0,0.0055212451812365554,dog,3854036.0,1668804.0,194053.0,0.036415979846820677,torso,7789829.0,846120.0,309356.0,0.037152770647010128,skin,180834.0,287108.0,5211.0,0.011261402413065039,mountain-s,1187517.0,415188.0,20404.0,0.012895144476303813,waffled,1583356.0,317443.0,36691.0,0.019682872451596153
232,object,dog,0.037131508298486014,orange-c,30864899.0,2803732.0,579293.0,0.017506938337660306,dog,3854036.0,1341941.0,186027.0,0.037131508298486014,muzzle,678509.0,766254.0,39283.0,0.027949881890884255,food,1124121.0,740126.0,47435.0,0.026108920460675072,bakery-shop-s,727833.0,475687.0,27629.0,0.023496225415450923,waffled,1583356.0,480609.0,44993.0,0.022285103508121955
26,texture,knitted,0.037110265018179323,yellow-c,34739742.0,2799565.0,266056.0,0.0071379875074487065,sofa,4142820.0,1247851.0,66412.0,0.01247347283443574,roof,451342.0,318866.0,13628.0,0.018012635808506698,carpet,4479475.0,323986.0,58124.0,0.012248655891035768,subway_station-corridor-s,191535.0,413838.0,9183.0,0.015402807829718711,knitted,1889812.0,1011980.0,103833.0,0.037110265018179323
187,object,person,0.036836264870198476,red-c,21346526.0,2646231.0,171339.0,0.0071926448710987736,person,14745720.0,1141213.0,564424.0,0.036836264870198476,hair,1180528.0,969822.0,65609.0,0.031471055637127106,skin,180834.0,826954.0,6762.0,0.0067550692988993287,cockpit-s,549067.0,218952.0,12856.0,0.017024139159360293,,25372003.0,86064.0,62664.0,0.0024675331988234248
162,part,muzzle,0.036585934740644151,white-c,73689572.0,2403123.0,319201.0,0.0042125680518308945,dog,3854036.0,1448213.0,159217.0,0.030957808545620559,muzzle,678509.0,721420.0,49410.0,0.036585934740644151,glass,2287279.0,438215.0,13143.0,0.0048456117958184611,building_facade-s,3205019.0,653134.0,35683.0,0.0093350634537354114,chequered,1557818.0,147210.0,9996.0,0.005897233798535957
244,part,screen,0.03634043099791491,red-c,21346526.0,2623439.0,138428.0,0.0058086056304299631,tvmonitor,1035941.0,1556977.0,62798.0,0.024820166632412693,screen,689450.0,698243.0,48661.0,0.03634043099791491,glass,2287279.0,422558.0,28555.0,0.010649756347896267,skyscraper-s,4481919.0,658898.0,103806.0,0.020608650646186798,braided,1596125.0,359365.0,25554.0,0.013240853582709478
198,object,person,0.036230551582346303,pink-c,18799488.0,2678486.0,147980.0,0.0069376484587853138,person,14745720.0,1320557.0,561738.0,0.036230551582346303,hair,1180528.0,1087356.0,50242.0,0.022655595447777413,painted,13712616.0,788020.0,53606.0,0.0037105204322272468,dugout-s,140459.0,327800.0,8272.0,0.017983116914173657,,25372003.0,90329.0,84737.0,0.0033390476914774629
136,object,bird,0.035793698872694436,green-c,64303167.0,2735962.0,268136.0,0.0040157557638838774,bird,1046893.0,1635793.0,92705.0,0.035793698872694436,head,5034747.0,1069762.0,198517.0,0.033612812208347047,fabric,8692975.0,394833.0,64996.0,0.0072035192576327643,rope_bridge-s,191535.0,402778.0,9245.0,0.015801582038327166,spiralled,1634432.0,572115.0,59228.0,0.027582301465222447
69,part,ear,0.035532109939864998,white-c,73689572.0,2557045.0,319920.0,0.0042135376967603368,cat,4228548.0,1706977.0,112199.0,0.019267167938047777,ear,797925.0,1203742.0,68683.0,0.035532109939864998,leather,479449.0,443841.0,3460.0,0.0037615646369437827,batters_box-s,127690.0,435082.0,11885.0,0.021574297451201423,crystalline,1557818.0,92430.0,7197.0,0.0043802657373386462
21,object,cat,0.035435605899343331,pink-c,18799488.0,2501544.0,119163.0,0.0056257075331737722,cat,4228548.0,1243724.0,187277.0,0.035435605899343331,head,5034747.0,742418.0,169958.0,0.030310634153509937,painted,13712616.0,495793.0,86526.0,0.0061270865931972391,art_gallery-s,970444.0,377097.0,12488.0,0.0093539357613517966,freckled,1583356.0,143115.0,49455.0,0.029489879643366551
51,object,bird,0.035390974926601572,blue-c,62464739.0,2419396.0,308844.0,0.0047826962173503794,bird,1046893.0,1591365.0,90179.0,0.035390974926601572,torso,7789829.0,901433.0,128102.0,0.01495966442294667,fabric,8692975.0,434364.0,50414.0,0.0055540835690500914,tower-s,497991.0,499180.0,24056.0,0.024720613699305834,freckled,1583356.0,102446.0,4491.0,0.0026711298504559834
41,texture,chequered,0.035275536403453808,yellow-c,34739742.0,2492574.0,220296.0,0.0059520123462594044,ball,124778.0,974860.0,14972.0,0.013803327475923464,body,1312994.0,419142.0,18231.0,0.010637112325362257,ceramic,691094.0,707205.0,13186.0,0.0095198009115501775,ball_pit-s,280918.0,524994.0,18966.0,0.0241007642201625,chequered,1557818.0,375205.0,65865.0,0.035275536403453808
224,part,crosswalk,0.035149778713255593,yellow-c,34739742.0,2483503.0,179449.0,0.0048442389651427728,road,13092677.0,1698638.0,425702.0,0.0296334030437824,crosswalk,246024.0,400691.0,21960.0,0.035149778713255593,carpet,4479475.0,295125.0,19610.0,0.0041240885890401454,street-s,28615329.0,936372.0,263588.0,0.0089998287018354505,banded,2617645.0,203299.0,44593.0,0.016061729946969961
213,object,water,0.034497867043921236,blue-c,62464739.0,2375637.0,444844.0,0.0069079947969060956,water,5727031.0,1866233.0,253216.0,0.034497867043921236,muzzle,678509.0,611454.0,30832.0,0.024486729339520671,concrete,389074.0,216411.0,3570.0,0.0059310700015782949,coast-s,1123672.0,614106.0,15932.0,0.0092528600118709798,potholed,1608894.0,181415.0,24220.0,0.013713918154747581
252,object,dog,0.034039428218612999,purple-c,11026903.0,2507949.0,57735.0,0.004283928083432087,dog,3854036.0,1486758.0,175813.0,0.034039428218612999,muzzle,678509.0,809330.0,29733.0,0.020391521604053477,food,1124121.0,514269.0,30398.0,0.018904322907079139,florist_shop-indoor-s,229842.0,468538.0,6896.0,0.0099727542502791085,frilly,1647201.0,370388.0,46615.0,0.023650743236592671
251,scene,pantry-s,0.033835305036934438,yellow-c,34739742.0,2438348.0,205487.0,0.0055578180416455941,bus,1654056.0,1123249.0,35030.0,0.012774065328969559,shop window,238282.0,447800.0,5502.0,0.0080842810543947791,glass,2287279.0,690154.0,10553.0,0.0035569352316237933,pantry-s,421377.0,741513.0,38059.0,0.033835305036934438,,25372003.0,63243.0,62944.0,0.0024808154971511847
38,object,windowpane,0.033609182711187492,white-c,73689572.0,2732931.0,276413.0,0.0036300353701680544,windowpane,8991243.0,1781773.0,350299.0,0.033609182711187492,pane,489020.0,659935.0,27071.0,0.024129945698485762,glass,2287279.0,492593.0,38677.0,0.014109539817488357,building_facade-s,3205019.0,1279464.0,126742.0,0.029084335209458294,,25372003.0,72175.0,67237.0,0.0026495313205795764
139,object,car,0.033579393209136797,yellow-c,34739742.0,2598942.0,407578.0,0.011036170971971432,car,5435238.0,1360223.0,220774.0,0.033579393209136797,head,5034747.0,573594.0,101166.0,0.018369853872448216,ceramic,691094.0,499447.0,19609.0,0.016746489121486133,poolroom-home-s,1340745.0,602975.0,23031.0,0.011991009476286896,spiralled,1634432.0,174848.0,20019.0,0.011188418011681918
22,color,red-c,0.033566938496675275,red-c,21346526.0,2775992.0,783422.0,0.033566938496675275,horse,1249989.0,1502114.0,45932.0,0.0169730589825994,footboard,372828.0,640912.0,8383.0,0.0083383315578446256,food,1124121.0,550390.0,35757.0,0.021819626374672465,carrousel-s,204304.0,749593.0,8930.0,0.0094500654520210739,paisley,1583356.0,571101.0,52576.0,0.025013785271383107
253,texture,zigzagged,0.03314033772493908,blue-c,62464739.0,2783976.0,1616557.0,0.02540471753291787,mountain,5559015.0,1805930.0,103906.0,0.01431007325535643,screen,689450.0,632570.0,25698.0,0.019823778351366405,plastic-opaque,587694.0,318127.0,6618.0,0.0073598508901771892,mountain_snowy-s,1825967.0,843484.0,78280.0,0.030210279445084868,zigzagged,1647201.0,532971.0,69934.0,0.03314033772493908
182,part,roof,0.032806975206958418,red-c,21346526.0,2576199.0,138002.0,0.0058021276934778678,house,1865979.0,1632164.0,64165.0,0.018685326463943566,roof,451342.0,533016.0,31268.0,0.032806975206958418,wallpaper,487845.0,443047.0,4926.0,0.0053198497569025205,shopfront-s,204304.0,1053869.0,20471.0,0.016539522437549588,freckled,1583356.0,145180.0,8436.0,0.0049043660252310909
92,object,sky,0.03277273056355702,blue-c,62464739.0,2751560.0,868333.0,0.013494334848128689,sky,37221493.0,2207411.0,1251188.0,0.03277273056355702,roof,451342.0,591633.0,5305.0,0.0051124153150809018,ceramic,691094.0,212751.0,7356.0,0.0082053432892093478,tower-s,497991.0,1268856.0,40245.0,0.02330878801252402,braided,1596125.0,250424.0,15312.0,0.0083615610650068783
221,texture,pleated,0.032744229674702412,orange-c,30864899.0,2880840.0,413430.0,0.012403281152829827,curtain,3163657.0,1296139.0,94273.0,0.021594892524904805,torso,7789829.0,449974.0,129352.0,0.015948804819855271,fabric,8692975.0,551070.0,97960.0,0.010710593658379515,hut-s,140459.0,658559.0,10753.0,0.013641351575929413,pleated,1532280.0,581639.0,67024.0,0.032744229674702412
168,object,water,0.032103881706757952,white-c,73689572.0,2816730.0,401306.0,0.0052730572379243012,water,5727031.0,1899841.0,237236.0,0.032103881706757952,muzzle,678509.0,620875.0,32047.0,0.025286881074252546,glass,2287279.0,252991.0,11223.0,0.0044376399489610115,nursery-s,842754.0,804315.0,26670.0,0.01645890919458726,striped,2477186.0,454285.0,79491.0,0.027872215092672459
147,part,body,0.031594155899400754,pink-c,18799488.0,2747848.0,133545.0,0.0062364015787769664,airplane,1310659.0,1372150.0,80263.0,0.030840184957345616,body,1312994.0,748323.0,63131.0,0.031594155899400754,leather,479449.0,567226.0,13955.0,0.013512859245487643,moon_bounce-s,140459.0,504883.0,12438.0,0.019652269538508207,studded,1621663.0,447833.0,40421.0,0.01992089991745007
55,object,cat,0.031569935210885448,purple-c,11026903.0,2461745.0,63934.0,0.004762410580962842,cat,4228548.0,1398274.0,172202.0,0.031569935210885448,head,5034747.0,770874.0,148279.0,0.026210011698073053,food,1124121.0,512292.0,8534.0,0.0052424043801781338,sandbox-s,204304.0,537685.0,6930.0,0.0094278146380086473,dotted,2987946.0,298244.0,54651.0,0.016911756287019901
40,texture,grid,0.031262242973290631,black-c,142117568.0,2481694.0,1773567.0,0.012417702570955457,cow,791488.0,1042824.0,13676.0,0.0075116607603057392,torso,7789829.0,464306.0,63856.0,0.0077965597997333184,fabric,8692975.0,462590.0,34140.0,0.0037428362344699428,hut-s,140459.0,272931.0,4827.0,0.011814579391672762,grid,1712438.0,330212.0,61922.0,0.031262242973290631
15,part,pot,0.031162925622736856,orange-c,30864899.0,2629332.0,196935.0,0.0059144442239393857,sink,498218.0,945605.0,27923.0,0.01972102549615086,pot,428835.0,381624.0,24493.0,0.031162925622736856,ceramic,691094.0,975732.0,45400.0,0.028000044405356767,bathroom-s,9423522.0,610057.0,140576.0,0.014209638873049973,crosshatched,1774891.0,52276.0,3474.0,0.0019049258839069954
52,object,cat,0.031064446534948973,green-c,64303167.0,2709482.0,508478.0,0.0076458061555266963,cat,4228548.0,1820438.0,182247.0,0.031064446534948973,head,5034747.0,587359.0,146913.0,0.026832478782026496,carpet,4479475.0,301625.0,36314.0,0.0076534537068689715,topiary_garden-s,140459.0,697232.0,14484.0,0.017594602572621465,porous,1889812.0,514255.0,42845.0,0.018145265460003338
83,material,ceramic,0.030478461073926828,orange-c,30864899.0,2835415.0,208626.0,0.0062291873732969209,table,4870973.0,1053534.0,113015.0,0.019446813314033643,pot,428835.0,493211.0,13876.0,0.015279077705715889,ceramic,691094.0,947037.0,48451.0,0.030478461073926828,bathroom-s,9423522.0,511025.0,117236.0,0.0119417628717273,dotted,2987946.0,245429.0,77547.0,0.024572631968535673
214,part,muzzle,0.030290265208797736,pink-c,18799488.0,2439132.0,216376.0,0.010292716610082159,dog,3854036.0,1304923.0,117032.0,0.023211760106800434,muzzle,678509.0,830552.0,44366.0,0.030290265208797736,food,1124121.0,634519.0,20174.0,0.011604483492918469,florist_shop-indoor-s,229842.0,337178.0,5334.0,0.0094964090256833868,polka-dotted,1736584.0,173289.0,14812.0,0.0078161072387643461
149,object,dog,0.0301023318417711,black-c,142117568.0,2638061.0,759197.0,0.0052723320255601887,dog,3854036.0,1448082.0,154942.0,0.0301023318417711,muzzle,678509.0,690902.0,29051.0,0.021674027873108716,metal,3523669.0,507748.0,21123.0,0.0052671948739917819,bookstore-s,408608.0,632011.0,25199.0,0.024816332158121759,chequered,1557818.0,275606.0,51723.0,0.029030123460670448
242,texture,meshed,0.029952092548215441,yellow-c,34739742.0,2466481.0,162462.0,0.0043856777933536503,horse,1249989.0,1542567.0,50381.0,0.018372642154494152,leg,2832633.0,773157.0,86278.0,0.02451419401326093,glass,2287279.0,324763.0,7450.0,0.0028603328275599404,water_tower-s,280918.0,645042.0,24172.0,0.026804526119220923,meshed,1787660.0,285683.0,60295.0,0.029952092548215441
227,object,mountain,0.029772803742535908,pink-c,18799488.0,2626634.0,127634.0,0.0059926319652362173,mountain,5559015.0,2266798.0,226260.0,0.029772803742535908,coach,701489.0,839222.0,27856.0,0.018412868384610554,wood,9965408.0,138209.0,18115.0,0.0017961426213588575,mountain_snowy-s,1825967.0,880672.0,49517.0,0.018635576386782392,,25372003.0,250627.0,174608.0,0.0068613584191337153
184,object,bird,0.029748203855346711,blue-c,62464739.0,2672189.0,253302.0,0.0039039433461995482,bird,1046893.0,1283040.0,67309.0,0.029748203855346711,wheel,1540612.0,540651.0,25517.0,0.012412525671945854,metal,3523669.0,655489.0,61163.0,0.014852616382487109,manhole-s,127690.0,491080.0,10790.0,0.017747294318892066,spiralled,1634432.0,277927.0,53381.0,0.02871524030946036
98,part,pot,0.029747552351653665,orange-c,30864899.0,2464526.0,274662.0,0.0083093017487373914,bottle,954397.0,1094055.0,43407.0,0.021648890673276661,pot,428835.0,524807.0,27549.0,0.029747552351653665,wood,9965408.0,789667.0,100252.0,0.0094090723046267397,reception-s,804447.0,513697.0,21925.0,0.016914580020814383,cobwebbed,1532280.0,67410.0,6906.0,0.0043358044781966667
1,part,head,0.029745415148641822,red-c,21346526.0,2808686.0,439452.0,0.018529956450900161,cat,4228548.0,1584639.0,165290.0,0.029265760335218577,head,5034747.0,1004507.0,174451.0,0.029745415148641822,food,1124121.0,615883.0,40130.0,0.023607632095084694,fire_station-s,127690.0,391185.0,7481.0,0.01462864249482786,dotted,2987946.0,349395.0,89010.0,0.02740176416750633
254,object,platform,0.029731060168539131,white-c,73689572.0,2708180.0,345775.0,0.0045465616232435351,platform,412399.0,1664792.0,59974.0,0.029731060168539131,coach,701489.0,351752.0,16542.0,0.015956415507297681,metal,3523669.0,450662.0,24349.0,0.0061643318880946797,staircase-s,881061.0,925170.0,33932.0,0.01914575362283678,grooved,1532280.0,246037.0,12688.0,0.0071861076137739012
173,object,sidewalk,0.029654518297753483,black-c,142117568.0,2346122.0,991772.0,0.0069126558968842945,sidewalk,4066329.0,1588547.0,162863.0,0.029654518297753483,crosswalk,246024.0,693526.0,8505.0,0.0091348968094990025,carpet,4479475.0,362922.0,32370.0,0.0067296919539121093,street-s,28615329.0,932691.0,516398.0,0.017787431925091888,,25372003.0,66453.0,62363.0,0.0024575493162008826
234,object,sheep,0.028828779704201363,brown-c,185306464.0,2503528.0,1078976.0,0.0057782366481634742,sheep,824399.0,1515206.0,65558.0,0.028828779704201363,torso,7789829.0,780495.0,148283.0,0.017606539792432738,food,1124121.0,487515.0,22997.0,0.014475913029958348,hoodoo-s,127690.0,575024.0,9196.0,0.013259929807157129,spiralled,1634432.0,286886.0,24233.0,0.01277380823737471
179,part,body,0.028750469770219816,black-c,142117568.0,2725117.0,883682.0,0.006138428174582454,bottle,954397.0,1337125.0,56369.0,0.025219302660712713,body,1312994.0,619594.0,54010.0,0.028750469770219816,metal,3523669.0,785415.0,74354.0,0.017558144202818125,casino-indoor-s,663988.0,468667.0,17556.0,0.01574389359151071,spiralled,1634432.0,188994.0,31351.0,0.01749424549753777
62,part,roof,0.028556599214489487,blue-c,62464739.0,2610058.0,425968.0,0.006588951518363929,house,1865979.0,1755942.0,86895.0,0.024581148766656877,roof,451342.0,670300.0,31141.0,0.028556599214489487,metal,3523669.0,393884.0,23273.0,0.0059762009922244936,house-s,702295.0,942909.0,33102.0,0.020533440191749654,zigzagged,1647201.0,222284.0,21288.0,0.011518252653802599
13,part,wheel,0.028350131886852797,blue-c,62464739.0,2572108.0,292307.0,0.0045147745277053482,bicycle,1169902.0,1625435.0,70050.0,0.025703714874800342,wheel,1540612.0,732666.0,62671.0,0.028350131886852797,ceramic,691094.0,425216.0,11473.0,0.0103843372370766,arch-s,178766.0,588963.0,13383.0,0.017741195684738829,interlaced,1659970.0,192500.0,17187.0,0.0093647682673462344
47,color,yellow-c,0.028333801707189042,yellow-c,34739742.0,2683247.0,1031120.0,0.028333801707189042,field,1917410.0,1243560.0,37075.0,0.01186819659431575,head,5034747.0,495370.0,57427.0,0.010493377114362407,food,1124121.0,675417.0,37234.0,0.021128023314933179,field-cultivated-s,651219.0,568205.0,23336.0,0.019510270147347016,honeycombed,1583356.0,379942.0,23996.0,0.01237352408237603
76,object,horse,0.028323650739986002,red-c,21346526.0,2598812.0,189844.0,0.0079915829155141963,horse,1249989.0,1301900.0,70288.0,0.028323650739986002,ear,797925.0,738397.0,37898.0,0.025291906696635932,fur,105151.0,556371.0,4216.0,0.0064140598138462132,apse-indoor-s,140459.0,450898.0,7202.0,0.012328919550461776,freckled,1583356.0,248717.0,17602.0,0.0097008990499159262
208,part,roof,0.028303703127418922,blue-c,62464739.0,2660080.0,519832.0,0.0080463138240396206,cat,4228548.0,1686805.0,146033.0,0.025311995174474636,roof,451342.0,857194.0,36017.0,0.028303703127418922,fabric,8692975.0,334232.0,72507.0,0.0080970886796877615,geodesic_dome-outdoor-s,255380.0,551323.0,16337.0,0.020670170528590548,spiralled,1634432.0,410560.0,39118.0,0.019501723438261825
215,part,leg,0.028139791734640082,grey-c,161925849.0,2527376.0,602038.0,0.0036742974587056242,sidewalk,4066329.0,1615816.0,139788.0,0.025221760344921844,leg,2832633.0,800666.0,99442.0,0.028139791734640082,carpet,4479475.0,511084.0,42724.0,0.0086348877842531129,ballroom-s,370301.0,907412.0,18608.0,0.014778751573538347,,25372003.0,114109.0,111888.0,0.0044095141589354618
45,texture,cobwebbed,0.028046587690246261,white-c,73689572.0,3007201.0,484816.0,0.0063614164900659877,railing,891077.0,1846089.0,60089.0,0.0224457495992831,coach,701489.0,447917.0,19094.0,0.01689268095888569,tile,4032446.0,434304.0,18437.0,0.0041447173344141925,airport_terminal-s,1506742.0,1136050.0,59904.0,0.023192643273730801,cobwebbed,1532280.0,312161.0,50319.0,0.028046587690246261
43,object,road,0.028025068789106516,grey-c,161925849.0,2329020.0,1009255.0,0.0061824325644669383,road,13092677.0,1485398.0,397414.0,0.028025068789106516,wheel,1540612.0,523471.0,11642.0,0.0056722702382187842,ceramic,691094.0,355526.0,8228.0,0.007923789859706161,street-s,28615329.0,758435.0,309747.0,0.010657404996700903,dotted,2987946.0,100379.0,21035.0,0.006857845198856319
80,object,ceiling,0.027352248903943596,orange-c,30864899.0,3137047.0,600349.0,0.017973661558757206,ceiling,12335942.0,1169155.0,359560.0,0.027352248903943596,shade,200733.0,330109.0,4687.0,0.0089080214005378619,painted,13712616.0,1018562.0,125319.0,0.0085800499648805324,casino-indoor-s,663988.0,670562.0,28076.0,0.021489903358199246,polka-dotted,1736584.0,179029.0,15895.0,0.0083670313172797221
63,material,ceramic,0.027095907829045519,white-c,73689572.0,2531975.0,464105.0,0.006126196816413099,airplane,1310659.0,1274583.0,47725.0,0.018807755770700256,body,1312994.0,593439.0,35007.0,0.018706056237329183,ceramic,691094.0,604569.0,34181.0,0.027095907829045519,campsite-s,229842.0,421107.0,8835.0,0.013759239013633091,dotted,2987946.0,172630.0,26721.0,0.0085265591420151856
174,material,food,0.027093860068471566,orange-c,30864899.0,2745262.0,631307.0,0.019142781613939647,bird,1046893.0,1431389.0,45823.0,0.018838138690107416,head,5034747.0,874571.0,89182.0,0.015323009634139134,food,1124121.0,792317.0,50554.0,0.027093860068471566,ball_pit-s,280918.0,448275.0,10472.0,0.014570327011455069,bumpy,2119654.0,157243.0,17500.0,0.0077454294220980196
200,material,ceramic,0.026021260612969079,black-c,142117568.0,2742162.0,659135.0,0.0045709589478462277,toilet,315709.0,1063417.0,30383.0,0.022526900973721457,pot,428835.0,660663.0,15385.0,0.014323446415786794,ceramic,691094.0,1069500.0,44651.0,0.026021260612969079,hat_shop-s,140459.0,327571.0,5914.0,0.012797652537458125,polka-dotted,1736584.0,172032.0,15889.0,0.0083947658589960412
84,object,water,0.025602926078910959,blue-c,62464739.0,2649993.0,619434.0,0.009604328055046742,water,5727031.0,2031169.0,193674.0,0.025602926078910959,paw,271585.0,584546.0,5075.0,0.0059631798612547228,carpet,4479475.0,229384.0,75451.0,0.016284126068759754,day_care_center-s,242611.0,764388.0,10486.0,0.010522692629198012,dotted,2987946.0,319171.0,57934.0,0.017830328424099227
209,part,leg,0.025560180891524644,black-c,142117568.0,2588559.0,1421833.0,0.0099231601755318689,person,14745720.0,1466556.0,294306.0,0.018488915357925666,leg,2832633.0,1024425.0,96130.0,0.025560180891524644,metal,3523669.0,618390.0,34103.0,0.0083016955390953547,art_school-s,178766.0,330391.0,5753.0,0.011428196835940912,spiralled,1634432.0,100442.0,4729.0,0.0027332969202003301
196,part,head,0.025347920331063888,orange-c,30864899.0,2789959.0,603826.0,0.018269505170065491,train,1669220.0,1426690.0,70770.0,0.023393958626708185,head,5034747.0,906044.0,146864.0,0.025347920331063888,food,1124121.0,760287.0,37196.0,0.020136291882036278,bus_depot-outdoor-s,165997.0,460968.0,6438.0,0.010375052173394548,striped,2477186.0,176025.0,15356.0,0.0058213965513646505
239,part,coach,0.025203996157789371,red-c,21346526.0,2716408.0,122622.0,0.0051219883851137777,bus,1654056.0,1923015.0,60977.0,0.01734225535494785,coach,701489.0,566471.0,31172.0,0.025203996157789371,metal,3523669.0,369851.0,19915.0,0.0051412056727518684,supermarket-s,395839.0,958324.0,21208.0,0.015910514608520169,banded,2617645.0,215692.0,24609.0,0.00876161735846262
123,object,building,0.025173603729673925,pink-c,18799488.0,2794089.0,118201.0,0.0055040247025244168,building,35808068.0,2047839.0,929569.0,0.025173603729673925,balcony,323043.0,289121.0,9742.0,0.016171388163114891,tile,4032446.0,112894.0,17567.0,0.0042558057335032717,skyscraper-s,4481919.0,1360761.0,108014.0,0.018835273056878987,stratified,1596125.0,529456.0,49886.0,0.024033396043252983
58,object,road,0.025076619477531932,green-c,64303167.0,2612506.0,405737.0,0.0061003967888346791,road,13092677.0,2329734.0,377281.0,0.025076619477531932,crosswalk,246024.0,963412.0,9544.0,0.0079540491977611316,concrete,389074.0,136290.0,1717.0,0.0032789264523619913,street-s,28615329.0,1034893.0,489900.0,0.016800226005734779,,25372003.0,129455.0,125980.0,0.0049646355430230712
48,object,motorbike,0.024955893254540798,black-c,142117568.0,2451814.0,706420.0,0.0049103674092293471,motorbike,1463055.0,1266257.0,66454.0,0.024955893254540798,wheel,1540612.0,572690.0,35695.0,0.017180823899803958,metal,3523669.0,566735.0,11109.0,0.0027232646817648637,junk_pile-s,153228.0,620339.0,9804.0,0.012836442718487277,,25372003.0,138597.0,99288.0,0.0039072362733573139
74,part,screen,0.024906212660289574,black-c,142117568.0,2368352.0,869437.0,0.006053880319573067,tvmonitor,1035941.0,1362608.0,57546.0,0.024581771146811857,screen,689450.0,538855.0,29849.0,0.024906212660289574,metal,3523669.0,543179.0,58843.0,0.014681368910467925,poolroom-home-s,1340745.0,539365.0,33458.0,0.018118194440533461,,25372003.0,83288.0,64329.0,0.0025335392963842804
68,texture,frilly,0.02482032047607903,pink-c,18799488.0,2604665.0,189075.0,0.008912293416974474,person,14745720.0,1139937.0,175243.0,0.011154575557334135,arm,2339418.0,590341.0,32232.0,0.011123968818927313,fabric,8692975.0,627927.0,74968.0,0.0081082127560071268,martial_arts_gym-s,191535.0,445720.0,8751.0,0.013923539070554838,frilly,1647201.0,371446.0,48890.0,0.02482032047607903
156,object,house,0.024287473655619136,red-c,21346526.0,2532259.0,108672.0,0.0045717914761280272,house,1865979.0,1501574.0,79850.0,0.024287473655619136,coach,701489.0,512114.0,22974.0,0.019295683206103663,glass,2287279.0,557036.0,28532.0,0.01013288310924528,house-s,702295.0,971184.0,30926.0,0.018828007376322103,,25372003.0,86098.0,79974.0,0.0031512963899975755
237,part,pot,0.024269953405833163,black-c,142117568.0,2707514.0,549930.0,0.0038116750693147771,airplane,1310659.0,1219354.0,34421.0,0.013792719322709802,pot,428835.0,480813.0,21554.0,0.024269953405833163,food,1124121.0,705982.0,35097.0,0.019552580882737997,baggage_claim-s,319225.0,470391.0,11405.0,0.014655408366111502,spiralled,1634432.0,314796.0,44239.0,0.023222706272844621
250,object,cat,0.024210879317183829,black-c,142117568.0,2588714.0,877599.0,0.006101696697035041,cat,4228548.0,1284180.0,130313.0,0.024210879317183829,head,5034747.0,608399.0,92167.0,0.016603737827147247,metal,3523669.0,633418.0,57316.0,0.013980293045635963,auto_factory-s,191535.0,479263.0,7055.0,0.010629113979356467,interlaced,1659970.0,214838.0,24546.0,0.013266229323198552
150,texture,stratified,0.024187081611600929,orange-c,30864899.0,2425515.0,526587.0,0.016072206705278966,ground,7934379.0,1269511.0,188861.0,0.020949572097882327,base,73996.0,203842.0,5174.0,0.018975735704016658,brick,429724.0,332166.0,10343.0,0.013762279671131677,batters_box-s,127690.0,622910.0,13508.0,0.018326070558356347,stratified,1596125.0,472991.0,48864.0,0.024187081611600929
66,object,car,0.023896805606049336,grey-c,161925849.0,2553596.0,971548.0,0.0059419026103674976,car,5435238.0,1157825.0,153876.0,0.023896805606049336,monitor,143991.0,469899.0,4889.0,0.0080279014320173512,metal,3523669.0,696159.0,55582.0,0.01334743432544571,laundromat-s,370301.0,607252.0,16792.0,0.017477811859557161,,25372003.0,81632.0,62918.0,0.0024779922520502275
113,object,bus,0.023835936452821518,white-c,73689572.0,2562674.0,323456.0,0.0042599914999303951,bus,1654056.0,1554052.0,74688.0,0.023835936452821518,screen,689450.0,601775.0,25625.0,0.020247313527180785,paper,478153.0,478180.0,8327.0,0.0087836996812256443,music_studio-s,280918.0,823238.0,16841.0,0.015488611855809954,zigzagged,1647201.0,135887.0,23568.0,0.01339456215331454
39,scene,auditorium-s,0.02378328477436998,orange-c,30864899.0,2675714.0,156232.0,0.0046797932242625675,airplane,1310659.0,1801476.0,58688.0,0.019220245185195616,body,1312994.0,458287.0,39311.0,0.022697275356963458,food,1124121.0,340909.0,8544.0,0.0058661737908912272,auditorium-s,497991.0,1030197.0,35501.0,0.02378328477436998,studded,1621663.0,345249.0,22513.0,0.011578384889109694
235,part,shop window,0.023692312203131411,green-c,64303167.0,2467426.0,688058.0,0.010412100564846672,plant,3826627.0,1461879.0,98744.0,0.019026691397408976,shop window,238282.0,459999.0,16161.0,0.023692312203131411,glass,2287279.0,392510.0,23633.0,0.0088974442766162828,florist_shop-outdoor-s,127690.0,748712.0,8248.0,0.0095006185538510438,fibrous,1864274.0,218147.0,33651.0,0.01642497693738194
180,scene,ball_pit-s,0.023635720487506826,green-c,64303167.0,3118267.0,450516.0,0.0067270393396727819,tree,21530467.0,1493898.0,270990.0,0.011909881501095992,screen,689450.0,989749.0,9650.0,0.0057800040609769466,metal,3523669.0,859027.0,38548.0,0.008873546665537177,ball_pit-s,280918.0,132898.0,9555.0,0.023635720487506826,sprinkled,1749353.0,272704.0,43871.0,0.022177388779417103
126,texture,paisley,0.02291388220618373,purple-c,11026903.0,2176249.0,62312.0,0.0047418582069334988,bed,6001986.0,1084642.0,88852.0,0.012697176931642282,muzzle,678509.0,507352.0,8942.0,0.0075978040969684408,carpet,4479475.0,422152.0,44635.0,0.0091898442492802136,childs_room-s,983213.0,577934.0,24082.0,0.015667522193270941,paisley,1583356.0,253470.0,41146.0,0.02291388220618373
88,object,horse,0.022897830279219603,orange-c,30864899.0,2423104.0,179137.0,0.0054105447163306647,horse,1249989.0,1140647.0,53515.0,0.022897830279219603,torso,7789829.0,592241.0,121761.0,0.014740489732284834,ceramic,691094.0,651196.0,20893.0,0.015811296680709887,bathroom-s,9423522.0,571593.0,80345.0,0.0081035666989753667,freckled,1583356.0,61851.0,5809.0,0.0035433738482052559
171,scene,kindergarden_classroom-s,0.022789890228849412,yellow-c,34739742.0,2637096.0,268334.0,0.0072310648793602675,bus,1654056.0,1311465.0,37412.0,0.012776846763559689,body,1312994.0,669736.0,27886.0,0.01426507690639253,paper,478153.0,705678.0,10577.0,0.0090150981799337563,kindergarden_classroom-s,280918.0,493830.0,17263.0,0.022789890228849412,dotted,2987946.0,168180.0,34943.0,0.011195434551578681
85,part,wheel,0.02272193322479164,yellow-c,34739742.0,2760245.0,183748.0,0.0049240760838732975,bicycle,1169902.0,1778409.0,64571.0,0.0223914083793962,wheel,1540612.0,823151.0,52516.0,0.02272193322479164,concrete,389074.0,399840.0,4567.0,0.0058226779728869993,playground-s,446915.0,588709.0,15816.0,0.015508801656782452,banded,2617645.0,274195.0,38726.0,0.013573239625195488
81,part,pane,0.022212125856670532,orange-c,30864899.0,2734115.0,265230.0,0.0079567924241664249,windowpane,8991243.0,1342722.0,155164.0,0.015243838640720061,pane,489020.0,444689.0,20289.0,0.022212125856670532,glass,2287279.0,799448.0,27357.0,0.0089420370860667387,dining_room-s,5797126.0,845750.0,111456.0,0.017064589323608038,grid,1712438.0,114388.0,26248.0,0.014577541211766444
127,object,bird,0.022116092361599504,blue-c,62464739.0,2600849.0,842596.0,0.013119849663808874,bird,1046893.0,2071990.0,67485.0,0.022116092361599504,head,5034747.0,895727.0,52198.0,0.0088798144217794462,granite,1339600.0,209004.0,5298.0,0.003432890172136958,lighthouse-s,600143.0,778263.0,26430.0,0.019549163594620021,,25372003.0,154571.0,126585.0,0.0049836635756023359
178,part,muzzle,0.020508939178613857,red-c,21346526.0,2646343.0,209012.0,0.0087879774924647415,dog,3854036.0,1489373.0,68204.0,0.012929165785974195,muzzle,678509.0,512080.0,23927.0,0.020508939178613857,food,1124121.0,490304.0,25663.0,0.016152828428675912,conference_center-s,165997.0,720047.0,11685.0,0.013364075854425925,pitted,1864274.0,310410.0,21097.0,0.0097962144087979722
5,part,leg,0.020405893587157442,blue-c,62464739.0,2688260.0,790448.0,0.012281178848861972,person,14745720.0,1627820.0,268959.0,0.01670077600901259,leg,2832633.0,892473.0,74494.0,0.020405893587157442,plastic-opaque,587694.0,597848.0,12360.0,0.010535449742665673,kindergarden_classroom-s,280918.0,579977.0,11957.0,0.014084656358886042,chequered,1557818.0,158509.0,12270.0,0.0072004633647818122
157,material,carpet,0.020235541584657284,red-c,21346526.0,2482074.0,168194.0,0.0071086692257098212,floor,20690801.0,922617.0,290414.0,0.013619750763072595,headboard,509067.0,380753.0,6011.0,0.0068012432550471867,carpet,4479475.0,989668.0,108476.0,0.020235541584657284,bedroom-s,19511032.0,681412.0,208945.0,0.010455876621006161,bumpy,2119654.0,78000.0,13336.0,0.0061053381421569573
71,object,train,0.020055081726880856,yellow-c,34739742.0,2954553.0,653711.0,0.017648506837797159,train,1669220.0,1804192.0,68290.0,0.020055081726880856,head,5034747.0,1004109.0,89722.0,0.015081522789703509,food,1124121.0,568918.0,17064.0,0.010181536120765524,moon_bounce-s,140459.0,678203.0,15990.0,0.019920963980305777,veined,1838736.0,346068.0,35250.0,0.016398750624548163
183,object,bird,0.02004354927909793,white-c,73689572.0,2422571.0,401306.0,0.0053005093577290661,bird,1046893.0,1334263.0,46789.0,0.02004354927909793,head,5034747.0,693570.0,109163.0,0.01942694576443358,paper,478153.0,670904.0,7441.0,0.006517953497498283,office-s,1570587.0,583831.0,23449.0,0.011003914181764258,,25372003.0,65529.0,54686.0,0.0021544471411913384
44,object,dog,0.019473088455554462,white-c,73689572.0,2397836.0,493645.0,0.0065302345115429697,dog,3854036.0,1061694.0,93896.0,0.019473088455554462,torso,7789829.0,394311.0,83596.0,0.010319800744246313,ceramic,691094.0,563526.0,13775.0,0.011101305964886831,fountain-s,191535.0,574659.0,5000.0,0.0065686277085736343,frilly,1647201.0,117226.0,9959.0,0.0056763645731925574
3,part,body,0.019435490851475706,orange-c,30864899.0,2439525.0,151886.0,0.0045814290296567941,bottle,954397.0,1334252.0,40889.0,0.018190999039043313,body,1312994.0,465400.0,33905.0,0.019435490851475706,metal,3523669.0,618606.0,41071.0,0.010014376266091616,tower-s,497991.0,744279.0,21540.0,0.017645179523727607,,25372003.0,116361.0,94706.0,0.0037295138809855595
143,part,screen,0.018966736121446642,blue-c,62464739.0,2740958.0,554425.0,0.0085756240031905333,motorbike,1463055.0,1433941.0,49300.0,0.017312241194284782,screen,689450.0,734609.0,26507.0,0.018966736121446642,glass,2287279.0,637571.0,20209.0,0.0069574863124220862,ball_pit-s,280918.0,556465.0,14441.0,0.017548016749661579,dotted,2987946.0,258227.0,38766.0,0.012086398763861275
152,scene,building_facade-s,0.01834534945136141,orange-c,30864899.0,2729408.0,143910.0,0.0043021910920818069,track,499164.0,1815448.0,33549.0,0.014707616580515313,roof,451342.0,475489.0,14020.0,0.015359148827084685,metal,3523669.0,418503.0,20357.0,0.0051907088937137528,building_facade-s,3205019.0,1183247.0,79054.0,0.01834534945136141,zigzagged,1647201.0,182652.0,11669.0,0.0064179422984692418
233,object,house,0.018137845014537222,orange-c,30864899.0,2332533.0,176707.0,0.0053513967364435516,house,1865979.0,1413836.0,58429.0,0.018137845014537222,body,1312994.0,575122.0,16763.0,0.0089576899708392801,glass,2287279.0,415028.0,8094.0,0.0030042168158196845,building_facade-s,3205019.0,870180.0,66464.0,0.016579793875125197,,25372003.0,90532.0,84801.0,0.0033415512984729056
49,object,road,0.018112292165964026,white-c,73689572.0,2338197.0,656933.0,0.0087160105269364404,road,13092677.0,1655042.0,262363.0,0.018112292165964026,wheel,1540612.0,736073.0,28424.0,0.01264266026053025,carpet,4479475.0,294688.0,47929.0,0.010141055224942311,nursery-s,842754.0,781012.0,13740.0,0.0085340236741518454,braided,1596125.0,185925.0,18556.0,0.010522292675790221
153,object,ceiling,0.017656674939326465,orange-c,30864899.0,2350118.0,328661.0,0.0099938406067245633,ceiling,12335942.0,946748.0,230459.0,0.017656674939326465,top,389265.0,247507.0,5751.0,0.0091138012839509282,wood,9965408.0,796338.0,140562.0,0.013234117778206272,galley-s,408608.0,742172.0,14458.0,0.012723506189266775,,25372003.0,35127.0,33106.0,0.0013047201342601393
106,texture,grid,0.017253409345517966,brown-c,185306464.0,2473826.0,793965.0,0.0042461126502165332,windowpane,8991243.0,1342996.0,157461.0,0.015472578845681807,pane,489020.0,330468.0,13368.0,0.016583138986751348,tile,4032446.0,547803.0,32930.0,0.0072416296283590396,bow_window-outdoor-s,293687.0,958870.0,16394.0,0.01326200509156155,grid,1712438.0,117254.0,31033.0,0.017253409345517966
245,part,screen,0.017008298447021664,orange-c,30864899.0,2562007.0,256188.0,0.0077233178974298955,tvmonitor,1035941.0,1109755.0,31145.0,0.014728895164978287,screen,689450.0,351279.0,17405.0,0.017008298447021664,wood,9965408.0,883137.0,86606.0,0.0080474345747546059,kitchen-s,9168142.0,837579.0,130691.0,0.013234491439519677,,25372003.0,31643.0,29416.0,0.0011592864098733243
189,object,boat,0.017007792215895309,orange-c,30864899.0,2386127.0,176197.0,0.0053272233093026727,boat,1263898.0,1344070.0,43614.0,0.017007792215895309,body,1312994.0,445067.0,16120.0,0.0092540447695989708,metal,3523669.0,539831.0,20320.0,0.0050257470604820956,windmill-s,255380.0,682727.0,14765.0,0.01599082463485902,,25372003.0,107021.0,93383.0,0.0036785756168221241
144,object,dog,0.016948476142655464,yellow-c,34739742.0,2177746.0,238460.0,0.0065012627924600401,dog,3854036.0,962173.0,80267.0,0.016948476142655464,head,5034747.0,378631.0,83939.0,0.015750062999126173,painted,13712616.0,525023.0,155061.0,0.011010839066540231,waiting_room-s,1353514.0,524629.0,13823.0,0.0074144996567112945,spiralled,1634432.0,58727.0,5249.0,0.0031097629612953297
32,color,orange-c,0.016870207270492193,orange-c,30864899.0,2591950.0,555060.0,0.016870207270492193,cabinet,5413623.0,1489285.0,83487.0,0.012242534960079456,drawer,550426.0,340624.0,9182.0,0.010411989095873757,wood,9965408.0,498384.0,66589.0,0.0064045109054810222,abbey-s,408608.0,1000057.0,18475.0,0.013289550349232839,woven,1813198.0,196433.0,25204.0,0.012700895522989759
247,object,book,0.016808650785987502,red-c,21346526.0,2546708.0,162216.0,0.0068356106762887288,book,624354.0,1502828.0,35164.0,0.016808650785987502,wheel,1540612.0,523462.0,32826.0,0.016160508219577326,paper,478153.0,546282.0,3355.0,0.0032857366709758292,library-indoor-s,306456.0,816205.0,15245.0,0.013766281144574396,interlaced,1659970.0,165401.0,20102.0,0.011135182623753025
46,object,bed,0.016317614075929143,orange-c,30864899.0,2378362.0,314378.0,0.0095471808138769838,bed,6001986.0,1056475.0,113328.0,0.016317614075929143,drawer,550426.0,413620.0,9641.0,0.010101581613675534,fabric,8692975.0,789375.0,108503.0,0.011575076913459329,reception-s,804447.0,714520.0,18289.0,0.012187158071218476,waffled,1583356.0,66542.0,3736.0,0.0022695214687254352
240,texture,waffled,0.016191937343095257,yellow-c,34739742.0,2632708.0,499928.0,0.01355828060798228,airplane,1310659.0,1210995.0,34301.0,0.013790161669855465,body,1312994.0,440951.0,24026.0,0.013888511543026004,food,1124121.0,682989.0,21611.0,0.012103619212332238,bakery-shop-s,727833.0,590367.0,16194.0,0.012437730701701835,waffled,1583356.0,265277.0,29456.0,0.016191937343095257
199,object,bed,0.016140857480943648,pink-c,18799488.0,2449420.0,107068.0,0.0050642706595074036,bed,6001986.0,1221674.0,114744.0,0.016140857480943648,stern,187807.0,501663.0,3553.0,0.0051799270174088113,food,1124121.0,767664.0,17426.0,0.0092970450164562932,mountain_snowy-s,1825967.0,691575.0,24891.0,0.0099857541228194398,stratified,1596125.0,190189.0,23081.0,0.013090158816219978
135,texture,pleated,0.01570068054448007,white-c,73689572.0,2506479.0,454450.0,0.0060000052018969073,fence,2262283.0,1540052.0,34025.0,0.0090292465322651273,roof,451342.0,466335.0,7819.0,0.008593648679244453,fabric,8692975.0,434380.0,50076.0,0.0055166311402348655,field-cultivated-s,651219.0,734746.0,13591.0,0.0099032770950192878,pleated,1532280.0,294220.0,28234.0,0.01570068054448007
231,part,ear,0.015662350928557729,orange-c,30864899.0,2337401.0,326220.0,0.0099227158469014556,dog,3854036.0,746216.0,53935.0,0.011863449029181202,ear,797925.0,271927.0,16498.0,0.015662350928557729,wood,9965408.0,764779.0,155315.0,0.014687175409782737,galley-s,408608.0,355271.0,9680.0,0.0128348088501841,braided,1596125.0,102571.0,11351.0,0.006727136418456214
114,object,train,0.01552581253566958,white-c,73689572.0,2188997.0,299147.0,0.0039580482634545685,train,1669220.0,1110199.0,42493.0,0.01552581253566958,coach,701489.0,357984.0,11272.0,0.010753662704004288,metal,3523669.0,519369.0,30767.0,0.0076682258003011265,office-s,1570587.0,659654.0,18891.0,0.00854274538178036,,25372003.0,73495.0,62918.0,0.0024787866324069499
238,part,body,0.015399420500465416,white-c,73689572.0,2566484.0,778883.0,0.010319451153794538,boat,1263898.0,1469266.0,39476.0,0.014655000876122252,body,1312994.0,621085.0,29332.0,0.015399420500465416,paper,478153.0,458814.0,8526.0,0.0091831360312610057,baptistry-outdoor-s,178766.0,650653.0,7112.0,0.0086488379644098848,sprinkled,1749353.0,200134.0,13400.0,0.0069211765793582621
202,object,cat,0.015369889537262024,grey-c,161925849.0,2400003.0,1118418.0,0.006852739318234732,cat,4228548.0,1438208.0,85779.0,0.015369889537262024,torso,7789829.0,442490.0,96617.0,0.011875680795584695,tile,4032446.0,338970.0,25040.0,0.0057611214492257461,street-s,28615329.0,660878.0,193645.0,0.0066584573945032768,crystalline,1557818.0,257731.0,24214.0,0.013517292968651871
158,scene,bowling_alley-s,0.013470529353520871,orange-c,30864899.0,2713358.0,146120.0,0.0043706449276634633,pool table,443452.0,1348336.0,20836.0,0.011765423342925161,wing,328483.0,404716.0,9651.0,0.01333843780924002,metal,3523669.0,595669.0,46438.0,0.011401703945591594,bowling_alley-s,306456.0,628052.0,12421.0,0.013470529353520871,braided,1596125.0,216816.0,12346.0,0.0068566223942641185
23,texture,honeycombed,0.013158829936875303,orange-c,30864899.0,2363903.0,178270.0,0.0053938617387459904,table,4870973.0,1419709.0,48816.0,0.007820738221551056,top,389265.0,395427.0,4097.0,0.0052485603930335183,food,1124121.0,492647.0,8264.0,0.005137693160850082,building_facade-s,3205019.0,981022.0,41823.0,0.010091891884065944,honeycombed,1583356.0,255506.0,23883.0,0.013158829936875303
210,part,body,0.012258464367634047,blue-c,62464739.0,2404127.0,226262.0,0.0035001993422170926,bottle,954397.0,1561738.0,23946.0,0.0096084205491638076,body,1312994.0,527714.0,22291.0,0.012258464367634047,metal,3523669.0,396959.0,14574.0,0.0037311312132397557,alley-s,1110903.0,857407.0,23501.0,0.012083963000993929,freckled,1583356.0,113158.0,5534.0,0.0032726584584087332
212,texture,honeycombed,0.011854339435479554,blue-c,62464739.0,2560036.0,290618.0,0.0044894073464183679,bicycle,1169902.0,1788162.0,29267.0,0.0099928400636848502,leg,2832633.0,719107.0,38724.0,0.011023007011639002,carpet,4479475.0,374545.0,13401.0,0.002768447589037683,playground-s,446915.0,772087.0,12102.0,0.010027342779020631,honeycombed,1583356.0,269068.0,21702.0,0.011854339435479554
165,material,leather,0.011670724355948913,black-c,142117568.0,2345390.0,1623141.0,0.011363365160290005,ground,7934379.0,1131958.0,84216.0,0.0093759591971651242,torso,7789829.0,480745.0,67149.0,0.0081854835023176288,leather,479449.0,386529.0,9990.0,0.011670724355948913,fastfood_restaurant-s,306456.0,305746.0,4926.0,0.0081116329313195307,spiralled,1634432.0,213585.0,20952.0,0.01146757230859329
